,Predicted Label
0,3.0
1,2.0
2,1.0
3,4.0
4,3.0
5,1.0
6,4.0
7,3.0
8,6.0
9,6.0
10,1.0
11,5.0
12,1.0
13,5.0
14,6.0
15,5.0
16,6.0
17,4.0
18,4.0
19,1.0
20,1.0
21,6.0
22,1.0
23,1.0
24,1.0
25,2.0
26,6.0
27,6.0
28,2.0
29,2.0
30,2.0
31,3.0
32,6.0
33,6.0
34,4.0
35,1.0
36,6.0
37,3.0
38,3.0
39,6.0
40,5.0
41,5.0
42,4.0
43,4.0
44,5.0
45,5.0
46,4.0
47,4.0
48,2.0
49,4.0
50,5.0
51,1.0
52,2.0
53,6.0
54,3.0
55,1.0
56,5.0
57,4.0
58,6.0
59,2.0
60,1.0
61,4.0
62,1.0
63,3.0
64,1.0
65,6.0
66,5.0
67,6.0
68,3.0
69,1.0
70,5.0
71,6.0
72,4.0
73,5.0
74,6.0
75,4.0
76,2.0
77,5.0
78,1.0
79,3.0
80,4.0
81,5.0
82,4.0
83,3.0
84,2.0
85,6.0
86,5.0
87,3.0
88,2.0
89,4.0
90,6.0
91,3.0
92,4.0
93,2.0
94,5.0
95,5.0
96,1.0
97,1.0
98,5.0
99,3.0
100,6.0
101,6.0
102,1.0
103,5.0
104,5.0
105,6.0
106,6.0
107,5.0
108,4.0
109,4.0
110,1.0
111,6.0
112,5.0
113,5.0
114,1.0
115,4.0
116,2.0
117,4.0
118,2.0
119,6.0
120,3.0
121,2.0
122,6.0
123,5.0
124,6.0
125,1.0
126,4.0
127,4.0
128,6.0
129,4.0
130,6.0
131,1.0
132,6.0
133,2.0
134,4.0
135,5.0
136,1.0
137,4.0
138,1.0
139,6.0
140,1.0
141,5.0
142,4.0
143,1.0
144,4.0
145,3.0
146,1.0
147,3.0
148,4.0
149,6.0
150,5.0
151,1.0
152,3.0
153,1.0
154,5.0
155,2.0
156,6.0
157,2.0
158,4.0
159,1.0
160,5.0
161,1.0
162,2.0
163,6.0
164,4.0
165,4.0
166,1.0
167,2.0
168,1.0
169,3.0
170,5.0
171,5.0
172,6.0
173,3.0
174,5.0
175,2.0
176,2.0
177,6.0
178,6.0
179,6.0
180,4.0
181,2.0
182,4.0
183,3.0
184,2.0
185,4.0
186,4.0
187,5.0
188,5.0
189,3.0
190,5.0
191,6.0
192,4.0
193,1.0
194,4.0
195,3.0
196,1.0
197,3.0
198,1.0
199,5.0
200,1.0
201,4.0
202,2.0
203,5.0
204,5.0
205,6.0
206,6.0
207,3.0
208,5.0
209,2.0
210,2.0
211,6.0
212,5.0
213,3.0
214,4.0
215,4.0
216,6.0
217,4.0
218,3.0
219,1.0
220,5.0
221,1.0
222,5.0
223,3.0
224,4.0
225,3.0
226,4.0
227,2.0
228,1.0
229,2.0
230,4.0
231,1.0
232,6.0
233,4.0
234,1.0
235,3.0
236,5.0
237,4.0
238,2.0
239,1.0
240,1.0
241,3.0
242,3.0
243,6.0
244,6.0
245,6.0
246,5.0
247,6.0
248,4.0
249,1.0
250,2.0
251,6.0
252,6.0
253,6.0
254,4.0
255,3.0
256,5.0
257,4.0
258,1.0
259,1.0
260,5.0
261,6.0
262,2.0
263,5.0
264,4.0
265,1.0
266,4.0
267,5.0
268,3.0
269,2.0
270,6.0
271,1.0
272,1.0
273,3.0
274,5.0
275,6.0
276,1.0
277,3.0
278,5.0
279,4.0
280,5.0
281,6.0
282,3.0
283,4.0
284,1.0
285,1.0
286,1.0
287,6.0
288,2.0
289,5.0
290,5.0
291,2.0
292,3.0
293,6.0
294,1.0
295,5.0
296,6.0
297,2.0
298,1.0
299,6.0
300,6.0
301,2.0
302,4.0
303,3.0
304,5.0
305,4.0
306,2.0
307,3.0
308,3.0
309,1.0
310,3.0
311,2.0
312,3.0
313,4.0
314,1.0
315,5.0
316,5.0
317,2.0
318,5.0
319,1.0
320,4.0
321,2.0
322,1.0
323,2.0
324,3.0
325,5.0
326,5.0
327,1.0
328,3.0
329,4.0
330,2.0
331,4.0
332,3.0
333,2.0
334,2.0
335,2.0
336,1.0
337,6.0
338,5.0
339,4.0
340,2.0
341,5.0
342,6.0
343,6.0
344,5.0
345,4.0
346,2.0
347,1.0
348,6.0
349,1.0
350,1.0
351,3.0
352,5.0
353,2.0
354,3.0
355,5.0
356,2.0
357,5.0
358,5.0
359,2.0
360,6.0
361,5.0
362,6.0
363,3.0
364,3.0
365,1.0
366,3.0
367,4.0
368,5.0
369,2.0
370,3.0
371,1.0
372,4.0
373,2.0
374,6.0
375,3.0
376,5.0
377,4.0
378,4.0
379,6.0
380,3.0
381,4.0
382,3.0
383,4.0
384,5.0
385,3.0
386,4.0
387,3.0
388,2.0
389,2.0
390,2.0
391,6.0
392,3.0
393,4.0
394,2.0
395,1.0
396,5.0
397,6.0
398,6.0
399,5.0
400,5.0
401,6.0
402,4.0
403,5.0
404,2.0
405,1.0
406,3.0
407,1.0
408,6.0
409,4.0
410,5.0
411,3.0
412,6.0
413,6.0
414,4.0
415,5.0
416,2.0
417,3.0
418,6.0
419,3.0
420,3.0
421,1.0
422,2.0
423,5.0
424,3.0
425,6.0
426,4.0
427,1.0
428,4.0
429,4.0
430,1.0
431,6.0
432,1.0
433,2.0
434,2.0
435,3.0
436,2.0
437,5.0
438,1.0
439,1.0
440,2.0
441,3.0
442,4.0
443,2.0
444,5.0
445,3.0
446,3.0
447,5.0
448,1.0
449,5.0
450,3.0
451,2.0
452,4.0
453,6.0
454,3.0
455,4.0
456,6.0
457,5.0
458,5.0
459,4.0
460,3.0
461,2.0
462,5.0
463,2.0
464,4.0
465,4.0
466,5.0
467,3.0
468,3.0
469,6.0
470,3.0
471,1.0
472,4.0
473,1.0
474,1.0
475,5.0
476,5.0
477,4.0
478,6.0
479,4.0
480,5.0
481,1.0
482,1.0
483,4.0
484,6.0
485,6.0
486,4.0
487,3.0
488,6.0
489,4.0
490,6.0
491,1.0
492,3.0
493,4.0
494,6.0
495,4.0
496,6.0
497,4.0
498,4.0
499,1.0
500,2.0
501,6.0
502,2.0
503,6.0
504,2.0
505,6.0
506,2.0
507,6.0
508,6.0
509,5.0
510,2.0
511,5.0
512,3.0
513,4.0
514,1.0
515,1.0
516,3.0
517,5.0
518,2.0
519,4.0
520,2.0
521,6.0
522,1.0
523,2.0
524,3.0
525,6.0
526,5.0
527,6.0
528,5.0
529,6.0
530,4.0
531,4.0
532,6.0
533,3.0
534,5.0
535,1.0
536,6.0
537,6.0
538,3.0
539,3.0
540,1.0
541,4.0
542,6.0
543,3.0
544,4.0
545,5.0
546,2.0
547,1.0
548,4.0
549,5.0
550,6.0
551,6.0
552,5.0
553,6.0
554,6.0
555,3.0
556,5.0
557,4.0
558,3.0
559,3.0
560,4.0
561,1.0
562,2.0
563,4.0
564,4.0
565,3.0
566,6.0
567,4.0
568,4.0
569,5.0
570,4.0
571,3.0
572,5.0
573,4.0
574,3.0
575,4.0
576,1.0
577,2.0
578,3.0
579,2.0
580,4.0
581,6.0
582,6.0
583,2.0
584,5.0
585,4.0
586,3.0
587,6.0
588,2.0
589,6.0
590,6.0
591,2.0
592,6.0
593,3.0
594,1.0
595,4.0
596,2.0
597,2.0
598,4.0
599,4.0
600,3.0
601,4.0
602,5.0
603,4.0
604,3.0
605,5.0
606,3.0
607,1.0
608,2.0
609,4.0
610,5.0
611,5.0
612,3.0
613,4.0
614,1.0
615,5.0
616,5.0
617,5.0
618,3.0
619,4.0
620,3.0
621,5.0
622,2.0
623,2.0
624,5.0
625,1.0
626,6.0
627,5.0
628,5.0
629,4.0
630,4.0
631,5.0
632,5.0
633,2.0
634,2.0
635,6.0
636,3.0
637,2.0
638,5.0
639,1.0
640,6.0
641,3.0
642,4.0
643,2.0
644,5.0
645,4.0
646,6.0
647,4.0
648,1.0
649,5.0
650,3.0
651,5.0
652,2.0
653,3.0
654,1.0
655,2.0
656,2.0
657,2.0
658,1.0
659,4.0
660,6.0
661,1.0
662,3.0
663,5.0
664,6.0
665,4.0
666,1.0
667,6.0
668,1.0
669,1.0
670,1.0
671,2.0
672,4.0
673,5.0
674,5.0
675,1.0
676,2.0
677,2.0
678,4.0
679,5.0
680,3.0
681,6.0
682,3.0
683,6.0
684,4.0
685,3.0
686,2.0
687,4.0
688,3.0
689,2.0
690,1.0
691,5.0
692,3.0
693,4.0
694,1.0
695,4.0
696,4.0
697,6.0
698,1.0
699,4.0
700,6.0
701,4.0
702,6.0
703,2.0
704,4.0
705,1.0
706,2.0
707,5.0
708,1.0
709,5.0
710,5.0
711,1.0
712,2.0
713,1.0
714,1.0
715,1.0
716,2.0
717,4.0
718,4.0
719,3.0
720,1.0
721,3.0
722,4.0
723,4.0
724,1.0
725,2.0
726,1.0
727,2.0
728,5.0
729,6.0
730,4.0
731,1.0
732,3.0
733,4.0
734,5.0
735,5.0
736,6.0
737,3.0
738,3.0
739,6.0
740,1.0
741,5.0
742,6.0
743,4.0
744,4.0
745,6.0
746,6.0
747,1.0
748,2.0
749,3.0
750,3.0
751,4.0
752,3.0
753,4.0
754,1.0
755,3.0
756,4.0
757,6.0
758,1.0
759,3.0
760,1.0
761,4.0
762,5.0
763,3.0
764,2.0
765,6.0
766,5.0
767,3.0
768,5.0
769,6.0
770,1.0
771,1.0
772,2.0
773,3.0
774,6.0
775,5.0
776,1.0
777,5.0
778,2.0
779,3.0
780,1.0
781,4.0
782,6.0
783,3.0
784,4.0
785,6.0
786,6.0
787,4.0
788,3.0
789,5.0
790,4.0
791,5.0
792,4.0
793,6.0
794,2.0
795,5.0
796,6.0
797,4.0
798,3.0
799,5.0
800,1.0
801,2.0
802,1.0
803,1.0
804,2.0
805,4.0
806,1.0
807,6.0
808,5.0
809,6.0
810,5.0
811,2.0
812,5.0
813,2.0
814,6.0
815,6.0
816,1.0
817,4.0
818,3.0
819,6.0
820,3.0
821,3.0
822,2.0
823,3.0
824,4.0
825,6.0
826,1.0
827,5.0
828,3.0
829,3.0
830,1.0
831,5.0
832,5.0
833,1.0
834,4.0
835,4.0
836,1.0
837,4.0
838,1.0
839,2.0
840,6.0
841,1.0
842,6.0
843,4.0
844,5.0
845,1.0
846,5.0
847,6.0
848,6.0
849,5.0
850,6.0
851,1.0
852,5.0
853,5.0
854,6.0
855,4.0
856,5.0
857,3.0
858,5.0
859,6.0
860,6.0
861,5.0
862,2.0
863,6.0
864,1.0
865,1.0
866,3.0
867,4.0
868,2.0
869,2.0
870,6.0
871,4.0
872,2.0
873,1.0
874,4.0
875,3.0
876,4.0
877,4.0
878,5.0
879,5.0
880,2.0
881,2.0
882,3.0
883,5.0
884,3.0
885,6.0
886,6.0
887,5.0
888,4.0
889,2.0
890,1.0
891,1.0
892,4.0
893,3.0
894,3.0
895,4.0
896,6.0
897,3.0
898,1.0
899,3.0
900,3.0
901,1.0
902,3.0
903,5.0
904,2.0
905,5.0
906,6.0
907,1.0
908,3.0
909,1.0
910,2.0
911,6.0
912,3.0
913,6.0
914,5.0
915,4.0
916,1.0
917,4.0
918,5.0
919,5.0
920,1.0
921,6.0
922,5.0
923,6.0
924,5.0
925,5.0
926,1.0
927,2.0
928,1.0
929,5.0
930,6.0
931,6.0
932,3.0
933,3.0
934,2.0
935,3.0
936,5.0
937,2.0
938,5.0
939,4.0
940,4.0
941,2.0
942,2.0
943,6.0
944,1.0
945,6.0
946,1.0
947,6.0
948,1.0
949,1.0
950,1.0
951,6.0
952,6.0
953,3.0
954,5.0
955,6.0
956,4.0
957,3.0
958,2.0
959,1.0
960,4.0
961,6.0
962,1.0
963,1.0
964,3.0
965,3.0
966,6.0
967,1.0
968,6.0
969,4.0
970,4.0
971,6.0
972,1.0
973,6.0
974,5.0
975,4.0
976,1.0
977,6.0
978,5.0
979,1.0
980,1.0
981,3.0
982,1.0
983,5.0
984,5.0
985,3.0
986,6.0
987,5.0
988,4.0
989,1.0
990,3.0
991,2.0
992,1.0
993,1.0
994,2.0
995,5.0
996,5.0
997,1.0
998,4.0
999,6.0
1000,1.0
1001,4.0
1002,6.0
1003,1.0
1004,6.0
1005,2.0
1006,2.0
1007,6.0
1008,2.0
1009,5.0
1010,3.0
1011,5.0
1012,1.0
1013,6.0
1014,2.0
1015,1.0
1016,3.0
1017,4.0
1018,2.0
1019,2.0
1020,3.0
1021,5.0
1022,6.0
1023,2.0
1024,3.0
1025,6.0
1026,6.0
1027,3.0
1028,2.0
1029,1.0
1030,5.0
1031,5.0
1032,6.0
1033,4.0
1034,2.0
1035,2.0
1036,1.0
1037,2.0
1038,3.0
1039,1.0
1040,1.0
1041,2.0
1042,4.0
1043,3.0
1044,4.0
1045,1.0
1046,6.0
1047,1.0
1048,3.0
1049,5.0
1050,3.0
1051,1.0
1052,2.0
1053,4.0
1054,2.0
1055,1.0
1056,6.0
1057,2.0
1058,3.0
1059,1.0
1060,2.0
1061,5.0
1062,5.0
1063,1.0
1064,6.0
1065,3.0
1066,2.0
1067,6.0
1068,5.0
1069,5.0
1070,3.0
1071,1.0
1072,5.0
1073,5.0
1074,6.0
1075,3.0
1076,6.0
1077,4.0
1078,5.0
1079,3.0
1080,4.0
1081,1.0
1082,3.0
1083,1.0
1084,1.0
1085,2.0
1086,5.0
1087,4.0
1088,5.0
1089,6.0
1090,4.0
1091,3.0
1092,2.0
1093,3.0
1094,5.0
1095,3.0
1096,5.0
1097,2.0
1098,1.0
1099,3.0
1100,6.0
1101,3.0
1102,6.0
1103,1.0
1104,6.0
1105,6.0
1106,2.0
1107,4.0
1108,5.0
1109,1.0
1110,4.0
1111,6.0
1112,3.0
1113,3.0
1114,4.0
1115,2.0
1116,3.0
1117,5.0
1118,6.0
1119,6.0
1120,3.0
1121,4.0
1122,2.0
1123,4.0
1124,2.0
1125,3.0
1126,2.0
1127,5.0
1128,5.0
1129,1.0
1130,1.0
1131,5.0
1132,6.0
1133,5.0
1134,6.0
1135,6.0
1136,5.0
1137,6.0
1138,1.0
1139,6.0
1140,3.0
1141,2.0
1142,1.0
1143,6.0
1144,3.0
1145,2.0
1146,2.0
1147,5.0
1148,4.0
1149,5.0
1150,5.0
1151,1.0
1152,4.0
1153,3.0
1154,5.0
1155,4.0
1156,5.0
1157,4.0
1158,6.0
1159,4.0
1160,3.0
1161,1.0
1162,6.0
1163,5.0
1164,2.0
1165,2.0
1166,6.0
1167,1.0
1168,4.0
1169,6.0
1170,2.0
1171,3.0
1172,1.0
1173,1.0
1174,1.0
1175,3.0
1176,6.0
1177,2.0
1178,5.0
1179,5.0
1180,3.0
1181,1.0
1182,1.0
1183,1.0
1184,5.0
1185,3.0
1186,3.0
1187,2.0
1188,2.0
1189,5.0
1190,4.0
1191,5.0
1192,6.0
1193,4.0
1194,4.0
1195,6.0
1196,4.0
1197,5.0
1198,2.0
1199,1.0
1200,4.0
1201,5.0
1202,5.0
1203,2.0
1204,4.0
1205,4.0
1206,5.0
1207,5.0
1208,5.0
1209,3.0
1210,4.0
1211,4.0
1212,5.0
1213,3.0
1214,5.0
1215,2.0
1216,4.0
1217,3.0
1218,3.0
1219,2.0
1220,4.0
1221,2.0
1222,4.0
1223,4.0
1224,5.0
1225,6.0
1226,3.0
1227,4.0
1228,3.0
1229,4.0
1230,6.0
1231,4.0
1232,2.0
1233,3.0
1234,1.0
1235,6.0
1236,4.0
1237,4.0
1238,1.0
1239,3.0
1240,6.0
1241,2.0
1242,5.0
1243,1.0
1244,5.0
1245,3.0
1246,5.0
1247,4.0
1248,3.0
1249,5.0
1250,3.0
1251,4.0
1252,3.0
1253,4.0
1254,5.0
1255,5.0
1256,4.0
1257,4.0
1258,4.0
1259,6.0
1260,5.0
1261,6.0
1262,4.0
1263,3.0
1264,4.0
1265,6.0
1266,3.0
1267,6.0
1268,1.0
1269,1.0
1270,3.0
1271,6.0
1272,5.0
1273,5.0
1274,4.0
1275,4.0
1276,3.0
1277,6.0
1278,5.0
1279,4.0
1280,3.0
1281,3.0
1282,3.0
1283,4.0
1284,6.0
1285,1.0
1286,6.0
1287,4.0
1288,4.0
1289,6.0
1290,6.0
1291,1.0
1292,1.0
1293,4.0
1294,5.0
1295,4.0
1296,3.0
1297,1.0
1298,4.0
1299,1.0
1300,2.0
1301,2.0
1302,5.0
1303,1.0
1304,6.0
1305,1.0
1306,3.0
1307,3.0
1308,2.0
1309,2.0
1310,5.0
1311,5.0
1312,1.0
1313,6.0
1314,4.0
1315,6.0
1316,5.0
1317,5.0
1318,5.0
1319,3.0
1320,5.0
1321,5.0
1322,2.0
1323,6.0
1324,4.0
1325,5.0
1326,1.0
1327,3.0
1328,4.0
1329,1.0
1330,5.0
1331,6.0
1332,2.0
1333,4.0
1334,4.0
1335,1.0
1336,4.0
1337,3.0
1338,5.0
1339,1.0
1340,1.0
1341,3.0
1342,4.0
1343,2.0
1344,5.0
1345,6.0
1346,3.0
1347,2.0
1348,1.0
1349,2.0
1350,2.0
1351,1.0
1352,4.0
1353,5.0
1354,5.0
1355,1.0
1356,5.0
1357,6.0
1358,3.0
1359,2.0
1360,5.0
1361,4.0
1362,5.0
1363,4.0
1364,5.0
1365,6.0
1366,4.0
1367,5.0
1368,5.0
1369,1.0
1370,1.0
1371,3.0
1372,5.0
1373,5.0
1374,3.0
1375,4.0
1376,1.0
1377,4.0
1378,6.0
1379,6.0
1380,4.0
1381,1.0
1382,2.0
1383,5.0
1384,6.0
1385,4.0
1386,5.0
1387,1.0
1388,5.0
1389,4.0
1390,4.0
1391,4.0
1392,1.0
1393,6.0
1394,1.0
1395,2.0
1396,4.0
1397,6.0
1398,2.0
1399,2.0
1400,3.0
1401,4.0
1402,6.0
1403,5.0
1404,1.0
1405,3.0
1406,5.0
1407,1.0
1408,5.0
1409,6.0
1410,6.0
1411,5.0
1412,4.0
1413,5.0
1414,3.0
1415,3.0
1416,5.0
1417,1.0
1418,6.0
1419,1.0
1420,4.0
1421,2.0
1422,1.0
1423,4.0
1424,2.0
1425,2.0
1426,4.0
1427,1.0
1428,6.0
1429,5.0
1430,6.0
1431,6.0
1432,4.0
1433,5.0
1434,5.0
1435,3.0
1436,6.0
1437,6.0
1438,6.0
1439,6.0
1440,4.0
1441,4.0
1442,5.0
1443,6.0
1444,1.0
1445,4.0
1446,4.0
1447,3.0
1448,3.0
1449,5.0
1450,2.0
1451,1.0
1452,2.0
1453,6.0
1454,5.0
1455,5.0
1456,3.0
1457,5.0
1458,3.0
1459,4.0
1460,4.0
1461,1.0
1462,3.0
1463,4.0
1464,3.0
1465,3.0
1466,5.0
1467,2.0
1468,6.0
1469,5.0
1470,2.0
1471,3.0
1472,5.0
1473,5.0
1474,6.0
1475,2.0
1476,1.0
1477,6.0
1478,5.0
1479,6.0
1480,4.0
1481,5.0
1482,5.0
1483,4.0
1484,1.0
1485,2.0
1486,6.0
1487,5.0
1488,2.0
1489,4.0
1490,2.0
1491,1.0
1492,5.0
1493,5.0
1494,2.0
1495,5.0
1496,1.0
1497,6.0
1498,5.0
1499,3.0
1500,5.0
1501,5.0
1502,4.0
1503,4.0
1504,3.0
1505,5.0
1506,3.0
1507,3.0
1508,3.0
1509,3.0
1510,5.0
1511,2.0
1512,4.0
1513,1.0
1514,2.0
1515,2.0
1516,1.0
1517,2.0
1518,6.0
1519,4.0
1520,6.0
1521,4.0
1522,6.0
1523,5.0
1524,6.0
1525,1.0
1526,1.0
1527,6.0
1528,6.0
1529,1.0
1530,4.0
1531,3.0
1532,1.0
1533,1.0
1534,4.0
1535,6.0
1536,2.0
1537,5.0
1538,6.0
1539,2.0
1540,5.0
1541,3.0
1542,4.0
1543,5.0
1544,3.0
1545,2.0
1546,2.0
1547,3.0
1548,2.0
1549,5.0
1550,5.0
1551,2.0
1552,2.0
1553,5.0
1554,5.0
1555,4.0
1556,2.0
1557,6.0
1558,2.0
1559,5.0
1560,6.0
1561,6.0
1562,3.0
1563,4.0
1564,5.0
1565,5.0
1566,1.0
1567,3.0
1568,6.0
1569,1.0
1570,4.0
1571,3.0
1572,1.0
1573,4.0
1574,2.0
1575,2.0
1576,5.0
1577,2.0
1578,6.0
1579,5.0
1580,4.0
1581,5.0
1582,1.0
1583,6.0
1584,3.0
1585,4.0
1586,5.0
1587,6.0
1588,1.0
1589,2.0
1590,2.0
1591,4.0
1592,5.0
1593,4.0
1594,2.0
1595,5.0
1596,6.0
1597,6.0
1598,1.0
1599,5.0
1600,4.0
1601,6.0
1602,3.0
1603,6.0
1604,1.0
1605,3.0
1606,6.0
1607,2.0
1608,4.0
1609,4.0
1610,2.0
1611,3.0
1612,6.0
1613,2.0
1614,6.0
1615,4.0
1616,1.0
1617,1.0
1618,3.0
1619,6.0
1620,5.0
1621,1.0
1622,5.0
1623,5.0
1624,3.0
1625,3.0
1626,6.0
1627,6.0
1628,3.0
1629,5.0
1630,3.0
1631,6.0
1632,5.0
1633,4.0
1634,1.0
1635,6.0
1636,4.0
1637,2.0
1638,2.0
1639,6.0
1640,4.0
1641,6.0
1642,1.0
1643,1.0
1644,4.0
1645,6.0
1646,2.0
1647,4.0
1648,3.0
1649,5.0
1650,2.0
1651,2.0
1652,3.0
1653,4.0
1654,1.0
1655,6.0
1656,5.0
1657,6.0
1658,1.0
1659,6.0
1660,3.0
1661,3.0
1662,5.0
1663,2.0
1664,5.0
1665,1.0
1666,2.0
1667,5.0
1668,1.0
1669,5.0
1670,4.0
1671,2.0
1672,3.0
1673,6.0
1674,6.0
1675,5.0
1676,3.0
1677,3.0
1678,5.0
1679,5.0
1680,6.0
1681,4.0
1682,3.0
1683,1.0
1684,3.0
1685,6.0
1686,4.0
1687,1.0
1688,1.0
1689,1.0
1690,5.0
1691,6.0
1692,4.0
1693,4.0
1694,2.0
1695,6.0
1696,1.0
1697,2.0
1698,6.0
1699,4.0
1700,1.0
1701,6.0
1702,4.0
1703,3.0
1704,4.0
1705,5.0
1706,5.0
1707,5.0
1708,4.0
1709,6.0
1710,6.0
1711,5.0
1712,5.0
1713,1.0
1714,1.0
1715,4.0
1716,1.0
1717,1.0
1718,6.0
1719,6.0
1720,2.0
1721,6.0
1722,4.0
1723,4.0
1724,2.0
1725,5.0
1726,6.0
1727,6.0
1728,6.0
1729,3.0
1730,2.0
1731,2.0
1732,5.0
1733,2.0
1734,5.0
1735,5.0
1736,5.0
1737,1.0
1738,2.0
1739,3.0
1740,5.0
1741,1.0
1742,2.0
1743,4.0
1744,2.0
1745,1.0
1746,5.0
1747,2.0
1748,2.0
1749,5.0
1750,2.0
1751,3.0
1752,6.0
1753,5.0
1754,1.0
1755,4.0
1756,2.0
1757,3.0
1758,1.0
1759,6.0
1760,5.0
1761,3.0
1762,3.0
1763,1.0
1764,2.0
1765,3.0
1766,5.0
1767,1.0
1768,5.0
1769,3.0
1770,5.0
1771,5.0
1772,1.0
1773,3.0
1774,6.0
1775,4.0
1776,4.0
1777,1.0
1778,5.0
1779,4.0
1780,5.0
1781,4.0
1782,2.0
1783,4.0
1784,5.0
1785,6.0
1786,5.0
1787,2.0
1788,2.0
1789,3.0
1790,4.0
1791,4.0
1792,5.0
1793,4.0
1794,2.0
1795,4.0
1796,6.0
1797,5.0
1798,5.0
1799,4.0
1800,6.0
1801,4.0
1802,5.0
1803,4.0
1804,6.0
1805,1.0
1806,4.0
1807,2.0
1808,1.0
1809,1.0
1810,6.0
1811,5.0
1812,3.0
1813,5.0
1814,5.0
1815,2.0
1816,3.0
1817,5.0
1818,6.0
1819,1.0
1820,3.0
1821,1.0
1822,3.0
1823,5.0
1824,6.0
1825,6.0
1826,1.0
1827,6.0
1828,1.0
1829,4.0
1830,3.0
1831,2.0
1832,3.0
1833,6.0
1834,1.0
1835,2.0
1836,2.0
1837,6.0
1838,1.0
1839,5.0
1840,6.0
1841,5.0
1842,4.0
1843,1.0
1844,4.0
1845,6.0
1846,3.0
1847,1.0
1848,3.0
1849,2.0
1850,6.0
1851,1.0
1852,4.0
1853,2.0
1854,3.0
1855,3.0
1856,6.0
1857,6.0
1858,3.0
1859,6.0
1860,3.0
1861,5.0
1862,5.0
1863,5.0
1864,3.0
1865,4.0
1866,1.0
1867,5.0
1868,4.0
1869,6.0
1870,4.0
1871,1.0
1872,1.0
1873,6.0
1874,3.0
1875,6.0
1876,1.0
1877,3.0
1878,2.0
1879,1.0
1880,1.0
1881,6.0
1882,3.0
1883,3.0
1884,5.0
1885,4.0
1886,5.0
1887,6.0
1888,4.0
1889,1.0
1890,2.0
1891,4.0
1892,6.0
1893,1.0
1894,3.0
1895,1.0
1896,1.0
1897,3.0
1898,3.0
1899,1.0
1900,6.0
1901,1.0
1902,4.0
1903,4.0
1904,5.0
1905,1.0
1906,1.0
1907,2.0
1908,6.0
1909,6.0
1910,6.0
1911,3.0
1912,4.0
1913,5.0
1914,1.0
1915,5.0
1916,6.0
1917,3.0
1918,6.0
1919,5.0
1920,5.0
1921,3.0
1922,6.0
1923,2.0
1924,3.0
1925,1.0
1926,4.0
1927,2.0
1928,6.0
1929,1.0
1930,3.0
1931,5.0
1932,2.0
1933,1.0
1934,6.0
1935,1.0
1936,4.0
1937,6.0
1938,4.0
1939,1.0
1940,3.0
1941,2.0
1942,3.0
1943,3.0
1944,1.0
1945,5.0
1946,5.0
1947,1.0
1948,6.0
1949,6.0
1950,4.0
1951,1.0
1952,2.0
1953,3.0
1954,5.0
1955,3.0
1956,4.0
1957,5.0
1958,3.0
1959,2.0
1960,5.0
1961,1.0
1962,3.0
1963,4.0
1964,6.0
1965,5.0
1966,2.0
1967,2.0
1968,4.0
1969,4.0
1970,5.0
1971,6.0
1972,1.0
1973,6.0
1974,1.0
1975,6.0
1976,6.0
1977,1.0
1978,3.0
1979,5.0
1980,1.0
1981,1.0
1982,2.0
1983,6.0
1984,4.0
1985,5.0
1986,4.0
1987,5.0
1988,3.0
1989,2.0
1990,4.0
1991,1.0
1992,1.0
1993,2.0
1994,3.0
1995,4.0
1996,1.0
1997,2.0
1998,1.0
1999,1.0
2000,4.0
2001,2.0
2002,6.0
2003,6.0
2004,4.0
2005,2.0
2006,1.0
2007,3.0
2008,5.0
2009,6.0
2010,2.0
2011,1.0
2012,5.0
2013,5.0
2014,5.0
2015,5.0
2016,1.0
2017,4.0
2018,1.0
2019,4.0
2020,6.0
2021,1.0
2022,6.0
2023,6.0
2024,4.0
2025,1.0
2026,6.0
2027,1.0
2028,3.0
2029,3.0
2030,6.0
2031,6.0
2032,5.0
2033,5.0
2034,6.0
2035,4.0
2036,3.0
2037,5.0
2038,3.0
2039,2.0
2040,6.0
2041,3.0
2042,6.0
2043,3.0
2044,6.0
2045,2.0
2046,5.0
2047,6.0
2048,5.0
2049,2.0
2050,4.0
2051,2.0
2052,3.0
2053,1.0
2054,3.0
2055,1.0
2056,2.0
2057,3.0
2058,5.0
2059,4.0
2060,2.0
2061,1.0
2062,5.0
2063,3.0
2064,3.0
2065,4.0
2066,3.0
2067,1.0
2068,2.0
2069,3.0
2070,4.0
2071,4.0
2072,3.0
2073,5.0
2074,6.0
2075,5.0
2076,5.0
2077,4.0
2078,1.0
2079,1.0
2080,6.0
2081,4.0
2082,1.0
2083,6.0
2084,1.0
2085,6.0
2086,3.0
2087,5.0
2088,1.0
2089,3.0
2090,5.0
2091,3.0
2092,4.0
2093,1.0
2094,3.0
2095,4.0
2096,2.0
2097,5.0
2098,3.0
2099,5.0
2100,5.0
2101,1.0
2102,1.0
2103,5.0
2104,1.0
2105,3.0
2106,5.0
2107,1.0
2108,6.0
2109,1.0
2110,1.0
2111,3.0
2112,3.0
2113,4.0
2114,5.0
2115,1.0
2116,3.0
2117,4.0
2118,1.0
2119,1.0
2120,6.0
2121,1.0
2122,1.0
2123,5.0
2124,2.0
2125,2.0
2126,2.0
2127,4.0
2128,2.0
2129,6.0
2130,5.0
2131,6.0
2132,2.0
2133,1.0
2134,6.0
2135,5.0
2136,5.0
2137,2.0
2138,4.0
2139,5.0
2140,2.0
2141,5.0
2142,5.0
2143,4.0
2144,6.0
2145,4.0
2146,6.0
2147,2.0
2148,5.0
2149,4.0
2150,6.0
2151,2.0
2152,3.0
2153,5.0
2154,5.0
2155,6.0
2156,4.0
2157,5.0
2158,1.0
2159,6.0
2160,4.0
2161,3.0
2162,3.0
2163,6.0
2164,5.0
2165,5.0
2166,2.0
2167,5.0
2168,2.0
2169,6.0
2170,5.0
2171,4.0
2172,1.0
2173,3.0
2174,3.0
2175,1.0
2176,1.0
2177,1.0
2178,5.0
2179,2.0
2180,2.0
2181,6.0
2182,6.0
2183,3.0
2184,1.0
2185,2.0
2186,1.0
2187,6.0
2188,2.0
2189,6.0
2190,6.0
2191,2.0
2192,3.0
2193,1.0
2194,2.0
2195,2.0
2196,3.0
2197,2.0
2198,6.0
2199,3.0
2200,6.0
2201,5.0
2202,4.0
2203,4.0
2204,5.0
2205,5.0
2206,4.0
2207,6.0
2208,3.0
2209,6.0
2210,6.0
2211,4.0
2212,6.0
2213,6.0
2214,6.0
2215,1.0
2216,6.0
2217,3.0
2218,5.0
2219,4.0
2220,1.0
2221,6.0
2222,1.0
2223,2.0
2224,6.0
2225,1.0
2226,5.0
2227,6.0
2228,2.0
2229,4.0
2230,1.0
2231,3.0
2232,3.0
2233,5.0
2234,1.0
2235,2.0
2236,3.0
2237,4.0
2238,1.0
2239,1.0
2240,3.0
2241,3.0
2242,2.0
2243,1.0
2244,1.0
2245,6.0
2246,2.0
2247,6.0
2248,6.0
2249,6.0
2250,4.0
2251,4.0
2252,5.0
2253,4.0
2254,3.0
2255,5.0
2256,5.0
2257,6.0
2258,5.0
2259,1.0
2260,2.0
2261,5.0
2262,1.0
2263,1.0
2264,3.0
2265,4.0
2266,2.0
2267,5.0
2268,6.0
2269,3.0
2270,6.0
2271,3.0
2272,3.0
2273,5.0
2274,4.0
2275,4.0
2276,3.0
2277,1.0
2278,4.0
2279,5.0
2280,2.0
2281,6.0
2282,6.0
2283,6.0
2284,5.0
2285,3.0
2286,4.0
2287,2.0
2288,2.0
2289,4.0
2290,2.0
2291,6.0
2292,1.0
2293,3.0
2294,2.0
2295,5.0
2296,5.0
2297,2.0
2298,1.0
2299,4.0
2300,3.0
2301,3.0
2302,3.0
2303,4.0
2304,3.0
2305,3.0
2306,5.0
2307,6.0
2308,5.0
2309,4.0
2310,6.0
2311,5.0
2312,1.0
2313,2.0
2314,6.0
2315,6.0
2316,3.0
2317,3.0
2318,5.0
2319,1.0
2320,4.0
2321,4.0
2322,2.0
2323,4.0
2324,2.0
2325,6.0
2326,1.0
2327,6.0
2328,2.0
2329,1.0
2330,5.0
2331,1.0
2332,6.0
2333,5.0
2334,1.0
2335,6.0
2336,1.0
2337,3.0
2338,6.0
2339,6.0
2340,4.0
2341,3.0
2342,3.0
2343,1.0
2344,1.0
2345,6.0
2346,6.0
2347,3.0
2348,1.0
2349,6.0
2350,1.0
2351,5.0
2352,1.0
2353,2.0
2354,5.0
2355,5.0
2356,2.0
2357,6.0
2358,6.0
2359,4.0
2360,5.0
2361,6.0
2362,3.0
2363,6.0
2364,5.0
2365,6.0
2366,4.0
2367,6.0
2368,6.0
2369,3.0
2370,3.0
2371,1.0
2372,2.0
2373,2.0
2374,2.0
2375,1.0
2376,5.0
2377,5.0
2378,6.0
2379,6.0
2380,3.0
2381,5.0
2382,4.0
2383,6.0
2384,5.0
2385,6.0
2386,4.0
2387,3.0
2388,2.0
2389,5.0
2390,2.0
2391,4.0
2392,3.0
2393,5.0
2394,2.0
2395,4.0
2396,5.0
2397,2.0
2398,4.0
2399,3.0
2400,4.0
2401,5.0
2402,3.0
2403,5.0
2404,1.0
2405,6.0
2406,6.0
2407,4.0
2408,4.0
2409,5.0
2410,2.0
2411,6.0
2412,2.0
2413,6.0
2414,2.0
2415,1.0
2416,1.0
2417,4.0
2418,6.0
2419,5.0
2420,1.0
2421,1.0
2422,3.0
2423,1.0
2424,3.0
2425,6.0
2426,6.0
2427,5.0
2428,6.0
2429,4.0
2430,5.0
2431,1.0
2432,6.0
2433,1.0
2434,1.0
2435,1.0
2436,2.0
2437,3.0
2438,4.0
2439,4.0
2440,5.0
2441,1.0
2442,3.0
2443,4.0
2444,2.0
2445,5.0
2446,4.0
2447,6.0
2448,4.0
2449,6.0
2450,6.0
2451,5.0
2452,3.0
2453,3.0
2454,5.0
2455,1.0
2456,1.0
2457,4.0
2458,3.0
2459,4.0
2460,6.0
2461,4.0
2462,2.0
2463,2.0
2464,4.0
2465,3.0
2466,6.0
2467,4.0
2468,1.0
2469,1.0
2470,3.0
2471,1.0
2472,5.0
2473,1.0
2474,2.0
2475,1.0
2476,2.0
2477,2.0
2478,4.0
2479,6.0
2480,4.0
2481,3.0
2482,3.0
2483,5.0
2484,1.0
2485,4.0
2486,5.0
2487,2.0
2488,2.0
2489,1.0
2490,4.0
2491,1.0
2492,1.0
2493,1.0
2494,1.0
2495,5.0
2496,2.0
2497,3.0
2498,2.0
2499,6.0
2500,1.0
2501,3.0
2502,5.0
2503,6.0
2504,6.0
2505,4.0
2506,1.0
2507,1.0
2508,6.0
2509,6.0
2510,5.0
2511,4.0
2512,6.0
2513,1.0
2514,6.0
2515,4.0
2516,3.0
2517,1.0
2518,3.0
2519,2.0
2520,3.0
2521,1.0
2522,3.0
2523,3.0
2524,5.0
2525,6.0
2526,6.0
2527,3.0
2528,1.0
2529,5.0
2530,4.0
2531,6.0
2532,5.0
2533,4.0
2534,5.0
2535,2.0
2536,2.0
2537,2.0
2538,5.0
2539,1.0
2540,5.0
2541,6.0
2542,6.0
2543,6.0
2544,1.0
2545,2.0
2546,4.0
2547,3.0
2548,5.0
2549,1.0
2550,4.0
2551,1.0
2552,5.0
2553,2.0
2554,6.0
2555,3.0
2556,3.0
2557,4.0
2558,3.0
2559,4.0
2560,1.0
2561,4.0
2562,1.0
2563,6.0
2564,6.0
2565,4.0
2566,1.0
2567,1.0
2568,5.0
2569,6.0
2570,2.0
2571,4.0
2572,2.0
2573,5.0
2574,1.0
2575,6.0
2576,2.0
2577,6.0
2578,5.0
2579,5.0
2580,2.0
2581,6.0
2582,3.0
2583,2.0
2584,6.0
2585,6.0
2586,5.0
2587,1.0
2588,3.0
2589,1.0
2590,3.0
2591,1.0
2592,1.0
2593,3.0
2594,5.0
2595,2.0
2596,1.0
2597,6.0
2598,3.0
2599,4.0
2600,1.0
2601,2.0
2602,3.0
2603,3.0
2604,3.0
2605,3.0
2606,1.0
2607,6.0
2608,1.0
2609,3.0
2610,2.0
2611,1.0
2612,5.0
2613,2.0
2614,5.0
2615,2.0
2616,5.0
2617,4.0
2618,2.0
2619,2.0
2620,4.0
2621,1.0
2622,5.0
2623,2.0
2624,6.0
2625,6.0
2626,1.0
2627,4.0
2628,4.0
2629,6.0
2630,4.0
2631,6.0
2632,5.0
2633,5.0
2634,2.0
2635,4.0
2636,3.0
2637,1.0
2638,1.0
2639,4.0
2640,5.0
2641,5.0
2642,5.0
2643,2.0
2644,5.0
2645,5.0
2646,6.0
2647,6.0
2648,4.0
2649,6.0
2650,5.0
2651,5.0
2652,1.0
2653,1.0
2654,3.0
2655,1.0
2656,3.0
2657,3.0
2658,2.0
2659,2.0
2660,4.0
2661,5.0
2662,2.0
2663,3.0
2664,3.0
2665,1.0
2666,3.0
2667,4.0
2668,1.0
2669,5.0
2670,1.0
2671,2.0
2672,2.0
2673,1.0
2674,2.0
2675,1.0
2676,1.0
2677,2.0
2678,4.0
2679,4.0
2680,6.0
2681,3.0
2682,6.0
2683,1.0
2684,4.0
2685,5.0
2686,4.0
2687,1.0
2688,2.0
2689,2.0
2690,4.0
2691,2.0
2692,6.0
2693,1.0
2694,6.0
2695,6.0
2696,6.0
2697,3.0
2698,2.0
2699,4.0
2700,5.0
2701,5.0
2702,1.0
2703,4.0
2704,4.0
2705,5.0
2706,3.0
2707,4.0
2708,3.0
2709,4.0
2710,6.0
2711,1.0
2712,4.0
2713,3.0
2714,1.0
2715,5.0
2716,5.0
2717,4.0
2718,1.0
2719,2.0
2720,5.0
2721,4.0
2722,1.0
2723,4.0
2724,5.0
2725,1.0
2726,6.0
2727,4.0
2728,6.0
2729,2.0
2730,6.0
2731,6.0
2732,5.0
2733,3.0
2734,4.0
2735,6.0
2736,2.0
2737,1.0
2738,5.0
2739,4.0
2740,3.0
2741,6.0
2742,4.0
2743,6.0
2744,2.0
2745,1.0
2746,1.0
2747,6.0
2748,4.0
2749,1.0
2750,4.0
2751,1.0
2752,1.0
2753,2.0
2754,5.0
2755,5.0
2756,6.0
2757,2.0
2758,2.0
2759,4.0
2760,6.0
2761,4.0
2762,1.0
2763,2.0
2764,4.0
2765,5.0
2766,2.0
2767,6.0
2768,5.0
2769,5.0
2770,6.0
2771,4.0
2772,5.0
2773,1.0
2774,3.0
2775,1.0
2776,6.0
2777,6.0
2778,4.0
2779,6.0
2780,5.0
2781,4.0
2782,3.0
2783,3.0
2784,2.0
2785,2.0
2786,3.0
2787,1.0
2788,6.0
2789,6.0
2790,1.0
2791,1.0
2792,5.0
2793,6.0
2794,4.0
2795,3.0
2796,1.0
2797,1.0
2798,5.0
2799,1.0
2800,3.0
2801,4.0
2802,5.0
2803,6.0
2804,5.0
2805,4.0
2806,3.0
2807,6.0
2808,1.0
2809,3.0
2810,5.0
2811,5.0
2812,6.0
2813,1.0
2814,1.0
2815,4.0
2816,6.0
2817,1.0
2818,2.0
2819,6.0
2820,5.0
2821,3.0
2822,1.0
2823,1.0
2824,2.0
2825,3.0
2826,4.0
2827,4.0
2828,6.0
2829,4.0
2830,4.0
2831,2.0
2832,6.0
2833,1.0
2834,4.0
2835,4.0
2836,3.0
2837,4.0
2838,5.0
2839,5.0
2840,6.0
2841,5.0
2842,6.0
2843,5.0
2844,1.0
2845,1.0
2846,6.0
2847,5.0
2848,1.0
2849,6.0
2850,4.0
2851,4.0
2852,1.0
2853,6.0
2854,3.0
2855,3.0
2856,6.0
2857,4.0
2858,5.0
2859,2.0
2860,6.0
2861,3.0
2862,4.0
2863,6.0
2864,3.0
2865,5.0
2866,6.0
2867,1.0
2868,6.0
2869,5.0
2870,5.0
2871,6.0
2872,5.0
2873,5.0
2874,4.0
2875,5.0
2876,5.0
2877,2.0
2878,1.0
2879,6.0
2880,6.0
2881,1.0
2882,2.0
2883,1.0
2884,1.0
2885,2.0
2886,6.0
2887,2.0
2888,4.0
2889,5.0
2890,6.0
2891,5.0
2892,6.0
2893,5.0
2894,5.0
2895,2.0
2896,1.0
2897,1.0
2898,5.0
2899,5.0
2900,3.0
2901,5.0
2902,1.0
2903,4.0
2904,4.0
2905,6.0
2906,1.0
2907,2.0
2908,3.0
2909,6.0
2910,2.0
2911,6.0
2912,1.0
2913,5.0
2914,2.0
2915,2.0
2916,6.0
2917,4.0
2918,5.0
2919,2.0
2920,4.0
2921,2.0
2922,2.0
2923,3.0
2924,6.0
2925,2.0
2926,2.0
2927,3.0
2928,1.0
2929,6.0
2930,3.0
2931,3.0
2932,6.0
2933,1.0
2934,3.0
2935,4.0
2936,4.0
2937,1.0
2938,6.0
2939,3.0
2940,4.0
2941,3.0
2942,4.0
2943,6.0
2944,5.0
2945,6.0
2946,5.0
2947,4.0
2948,4.0
2949,2.0
2950,1.0
2951,1.0
2952,3.0
2953,5.0
2954,1.0
2955,3.0
2956,6.0
2957,2.0
2958,6.0
2959,5.0
2960,5.0
2961,1.0
2962,5.0
2963,2.0
2964,2.0
2965,5.0
2966,6.0
2967,6.0
2968,4.0
2969,6.0
2970,4.0
2971,2.0
2972,2.0
2973,5.0
2974,6.0
2975,6.0
2976,3.0
2977,4.0
2978,2.0
2979,2.0
2980,1.0
2981,4.0
2982,6.0
2983,6.0
2984,2.0
2985,6.0
2986,5.0
2987,1.0
2988,5.0
2989,5.0
2990,4.0
2991,2.0
2992,6.0
2993,5.0
2994,2.0
2995,2.0
2996,3.0
2997,3.0
2998,2.0
2999,2.0
3000,1.0
3001,1.0
3002,5.0
3003,2.0
3004,6.0
3005,4.0
3006,4.0
3007,5.0
3008,1.0
3009,1.0
3010,3.0
3011,5.0
3012,2.0
3013,3.0
3014,6.0
3015,3.0
3016,5.0
3017,3.0
3018,5.0
3019,1.0
3020,6.0
3021,4.0
3022,5.0
3023,5.0
3024,2.0
3025,2.0
3026,5.0
3027,5.0
3028,2.0
3029,6.0
3030,2.0
3031,1.0
3032,4.0
3033,6.0
3034,2.0
3035,4.0
3036,5.0
3037,4.0
3038,1.0
3039,6.0
3040,2.0
3041,6.0
3042,1.0
3043,6.0
3044,4.0
3045,2.0
3046,4.0
3047,3.0
3048,3.0
3049,4.0
3050,2.0
3051,6.0
3052,1.0
3053,2.0
3054,4.0
3055,4.0
3056,3.0
3057,5.0
3058,1.0
3059,2.0
3060,1.0
3061,2.0
3062,5.0
3063,2.0
3064,1.0
3065,4.0
3066,3.0
3067,4.0
3068,1.0
3069,6.0
3070,5.0
3071,3.0
3072,3.0
3073,6.0
3074,6.0
3075,3.0
3076,1.0
3077,4.0
3078,5.0
3079,3.0
3080,4.0
3081,5.0
3082,3.0
3083,5.0
3084,2.0
3085,1.0
3086,6.0
3087,6.0
3088,6.0
3089,1.0
3090,3.0
3091,4.0
3092,4.0
3093,4.0
3094,6.0
3095,3.0
3096,5.0
3097,5.0
3098,6.0
3099,4.0
3100,1.0
3101,5.0
3102,1.0
3103,1.0
3104,6.0
3105,4.0
3106,5.0
3107,1.0
3108,1.0
3109,6.0
3110,5.0
3111,2.0
3112,5.0
3113,5.0
3114,2.0
3115,3.0
3116,6.0
3117,5.0
3118,5.0
3119,5.0
3120,6.0
3121,4.0
3122,1.0
3123,4.0
3124,1.0
3125,3.0
3126,4.0
3127,4.0
3128,6.0
3129,2.0
3130,2.0
3131,6.0
3132,2.0
3133,5.0
3134,2.0
3135,6.0
3136,4.0
3137,5.0
3138,5.0
3139,5.0
3140,5.0
3141,5.0
3142,1.0
3143,5.0
3144,2.0
3145,2.0
3146,5.0
3147,4.0
3148,4.0
3149,2.0
3150,1.0
3151,2.0
3152,4.0
3153,2.0
3154,2.0
3155,1.0
3156,6.0
3157,4.0
3158,3.0
3159,5.0
3160,1.0
3161,2.0
3162,2.0
3163,5.0
3164,3.0
3165,3.0
3166,2.0
3167,2.0
3168,4.0
3169,3.0
3170,4.0
3171,1.0
3172,5.0
3173,5.0
3174,3.0
3175,5.0
3176,4.0
3177,2.0
3178,1.0
3179,1.0
3180,1.0
3181,5.0
3182,3.0
3183,3.0
3184,6.0
3185,3.0
3186,3.0
3187,1.0
3188,2.0
3189,5.0
3190,6.0
3191,4.0
3192,4.0
3193,6.0
3194,1.0
3195,2.0
3196,1.0
3197,2.0
3198,3.0
3199,1.0
3200,6.0
3201,5.0
3202,6.0
3203,1.0
3204,4.0
3205,6.0
3206,2.0
3207,3.0
3208,1.0
3209,5.0
3210,1.0
3211,3.0
3212,4.0
3213,4.0
3214,2.0
3215,1.0
3216,1.0
3217,3.0
3218,3.0
3219,3.0
3220,6.0
3221,4.0
3222,6.0
3223,4.0
3224,3.0
3225,3.0
3226,1.0
3227,2.0
3228,2.0
3229,5.0
3230,5.0
3231,5.0
3232,2.0
3233,2.0
3234,4.0
3235,3.0
3236,6.0
3237,4.0
3238,4.0
3239,5.0
3240,5.0
3241,4.0
3242,3.0
3243,1.0
3244,1.0
3245,4.0
3246,6.0
3247,4.0
3248,6.0
3249,4.0
3250,1.0
3251,5.0
3252,6.0
3253,5.0
3254,4.0
3255,4.0
3256,5.0
3257,3.0
3258,1.0
3259,4.0
3260,1.0
3261,6.0
3262,5.0
3263,2.0
3264,4.0
3265,2.0
3266,1.0
3267,2.0
3268,4.0
3269,5.0
3270,1.0
3271,5.0
3272,6.0
3273,4.0
3274,6.0
3275,4.0
3276,1.0
3277,2.0
3278,6.0
3279,6.0
3280,6.0
3281,1.0
3282,2.0
3283,6.0
3284,3.0
3285,6.0
3286,4.0
3287,6.0
3288,4.0
3289,5.0
3290,2.0
3291,5.0
3292,6.0
3293,2.0
3294,3.0
3295,6.0
3296,1.0
3297,3.0
3298,1.0
3299,3.0
3300,3.0
3301,1.0
3302,1.0
3303,3.0
3304,4.0
3305,2.0
3306,3.0
3307,1.0
3308,6.0
3309,5.0
3310,4.0
3311,6.0
3312,1.0
3313,1.0
3314,4.0
3315,4.0
3316,4.0
3317,1.0
3318,5.0
3319,5.0
3320,6.0
3321,4.0
3322,3.0
3323,3.0
3324,2.0
3325,1.0
3326,5.0
3327,4.0
3328,1.0
3329,1.0
3330,3.0
3331,3.0
3332,6.0
3333,5.0
3334,1.0
3335,5.0
3336,2.0
3337,1.0
3338,5.0
3339,4.0
3340,6.0
3341,4.0
3342,5.0
3343,4.0
3344,1.0
3345,3.0
3346,1.0
3347,3.0
3348,2.0
3349,6.0
3350,1.0
3351,2.0
3352,1.0
3353,2.0
3354,5.0
3355,4.0
3356,4.0
3357,6.0
3358,3.0
3359,4.0
3360,5.0
3361,1.0
3362,3.0
3363,6.0
3364,5.0
3365,5.0
3366,2.0
3367,2.0
3368,1.0
3369,3.0
3370,3.0
3371,6.0
3372,6.0
3373,5.0
3374,5.0
3375,4.0
3376,5.0
3377,6.0
3378,3.0
3379,5.0
3380,1.0
3381,1.0
3382,6.0
3383,6.0
3384,2.0
3385,4.0
3386,5.0
3387,2.0
3388,5.0
3389,3.0
3390,4.0
3391,1.0
3392,1.0
3393,3.0
3394,1.0
3395,5.0
3396,6.0
3397,1.0
3398,1.0
3399,6.0
3400,5.0
3401,5.0
3402,1.0
3403,5.0
3404,2.0
3405,5.0
3406,6.0
3407,5.0
3408,5.0
3409,6.0
3410,2.0
3411,5.0
3412,1.0
3413,4.0
3414,1.0
3415,1.0
3416,4.0
3417,4.0
3418,2.0
3419,1.0
3420,4.0
3421,5.0
3422,2.0
3423,5.0
3424,1.0
3425,3.0
3426,5.0
3427,5.0
3428,5.0
3429,6.0
3430,3.0
3431,5.0
3432,2.0
3433,4.0
3434,5.0
3435,1.0
3436,1.0
3437,4.0
3438,4.0
3439,2.0
3440,3.0
3441,1.0
3442,6.0
3443,4.0
3444,2.0
3445,3.0
3446,4.0
3447,6.0
3448,4.0
3449,4.0
3450,5.0
3451,1.0
3452,1.0
3453,1.0
3454,5.0
3455,1.0
3456,2.0
3457,4.0
3458,1.0
3459,2.0
3460,6.0
3461,3.0
3462,5.0
3463,5.0
3464,1.0
3465,3.0
3466,4.0
3467,4.0
3468,2.0
3469,2.0
3470,3.0
3471,4.0
3472,1.0
3473,6.0
3474,6.0
3475,2.0
3476,4.0
3477,4.0
3478,4.0
3479,6.0
3480,5.0
3481,6.0
3482,2.0
3483,3.0
3484,6.0
3485,2.0
3486,5.0
3487,1.0
3488,5.0
3489,3.0
3490,5.0
3491,6.0
3492,2.0
3493,4.0
3494,5.0
3495,2.0
3496,5.0
3497,5.0
3498,3.0
3499,5.0
3500,5.0
3501,1.0
3502,4.0
3503,5.0
3504,5.0
3505,4.0
3506,6.0
3507,6.0
3508,2.0
3509,5.0
3510,1.0
3511,3.0
3512,5.0
3513,4.0
3514,4.0
3515,2.0
3516,4.0
3517,5.0
3518,1.0
3519,6.0
3520,5.0
3521,2.0
3522,2.0
3523,4.0
3524,5.0
3525,4.0
3526,6.0
3527,4.0
3528,5.0
3529,3.0
3530,3.0
3531,2.0
3532,2.0
3533,1.0
3534,4.0
3535,4.0
3536,1.0
3537,4.0
3538,1.0
3539,6.0
3540,6.0
3541,6.0
3542,1.0
3543,5.0
3544,6.0
3545,1.0
3546,4.0
3547,6.0
3548,3.0
3549,4.0
3550,2.0
3551,5.0
3552,6.0
3553,1.0
3554,4.0
3555,3.0
3556,2.0
3557,5.0
3558,3.0
3559,2.0
3560,6.0
3561,2.0
3562,2.0
3563,6.0
3564,3.0
3565,3.0
3566,6.0
3567,6.0
3568,6.0
3569,3.0
3570,4.0
3571,4.0
3572,2.0
3573,2.0
3574,6.0
3575,5.0
3576,3.0
3577,1.0
3578,1.0
3579,4.0
3580,1.0
3581,1.0
3582,5.0
3583,5.0
3584,1.0
3585,4.0
3586,1.0
3587,1.0
3588,1.0
3589,5.0
3590,2.0
3591,3.0
3592,2.0
3593,4.0
3594,5.0
3595,1.0
3596,5.0
3597,5.0
3598,2.0
3599,6.0
3600,2.0
3601,3.0
3602,4.0
3603,6.0
3604,6.0
3605,5.0
3606,5.0
3607,5.0
3608,5.0
3609,5.0
3610,3.0
3611,2.0
3612,5.0
3613,3.0
3614,4.0
3615,5.0
3616,6.0
3617,2.0
3618,5.0
3619,4.0
3620,4.0
3621,2.0
3622,6.0
3623,6.0
3624,3.0
3625,2.0
3626,6.0
3627,1.0
3628,6.0
3629,5.0
3630,4.0
3631,2.0
3632,4.0
3633,1.0
3634,1.0
3635,3.0
3636,5.0
3637,5.0
3638,6.0
3639,4.0
3640,5.0
3641,5.0
3642,4.0
3643,6.0
3644,1.0
3645,2.0
3646,2.0
3647,4.0
3648,3.0
3649,5.0
3650,1.0
3651,2.0
3652,3.0
3653,6.0
3654,5.0
3655,1.0
3656,3.0
3657,4.0
3658,3.0
3659,1.0
3660,5.0
3661,6.0
3662,6.0
3663,5.0
3664,6.0
3665,5.0
3666,1.0
3667,2.0
3668,2.0
3669,1.0
3670,4.0
3671,2.0
3672,4.0
3673,1.0
3674,1.0
3675,6.0
3676,6.0
3677,5.0
3678,2.0
3679,5.0
3680,5.0
3681,5.0
3682,6.0
3683,6.0
3684,1.0
3685,4.0
3686,3.0
3687,5.0
3688,6.0
3689,5.0
3690,5.0
3691,6.0
3692,5.0
3693,5.0
3694,1.0
3695,4.0
3696,5.0
3697,6.0
3698,2.0
3699,5.0
3700,4.0
3701,4.0
3702,2.0
3703,1.0
3704,5.0
3705,3.0
3706,4.0
3707,4.0
3708,1.0
3709,2.0
3710,6.0
3711,5.0
3712,1.0
3713,6.0
3714,5.0
3715,2.0
3716,2.0
3717,3.0
3718,6.0
3719,4.0
3720,4.0
3721,1.0
3722,3.0
3723,6.0
3724,6.0
3725,5.0
3726,5.0
3727,5.0
3728,4.0
3729,6.0
3730,5.0
3731,2.0
3732,5.0
3733,6.0
3734,3.0
3735,2.0
3736,3.0
3737,6.0
3738,5.0
3739,4.0
3740,3.0
3741,1.0
3742,5.0
3743,3.0
3744,3.0
3745,1.0
3746,3.0
3747,6.0
3748,6.0
3749,6.0
3750,6.0
3751,5.0
3752,1.0
3753,2.0
3754,3.0
3755,6.0
3756,5.0
3757,6.0
3758,4.0
3759,3.0
3760,1.0
3761,6.0
3762,1.0
3763,4.0
3764,6.0
3765,1.0
3766,1.0
3767,5.0
3768,4.0
3769,2.0
3770,6.0
3771,6.0
3772,5.0
3773,1.0
3774,4.0
3775,6.0
3776,5.0
3777,5.0
3778,4.0
3779,5.0
3780,4.0
3781,3.0
3782,2.0
3783,4.0
3784,2.0
3785,4.0
3786,4.0
3787,1.0
3788,6.0
3789,5.0
3790,6.0
3791,4.0
3792,5.0
3793,2.0
3794,5.0
3795,1.0
3796,2.0
3797,4.0
3798,6.0
3799,4.0
3800,4.0
3801,1.0
3802,6.0
3803,4.0
3804,3.0
3805,2.0
3806,3.0
3807,1.0
3808,3.0
3809,2.0
3810,1.0
3811,1.0
3812,3.0
3813,2.0
3814,2.0
3815,2.0
3816,6.0
3817,4.0
3818,3.0
3819,5.0
3820,5.0
3821,1.0
3822,5.0
3823,4.0
3824,5.0
3825,6.0
3826,5.0
3827,2.0
3828,1.0
3829,2.0
3830,2.0
3831,6.0
3832,6.0
3833,2.0
3834,3.0
3835,2.0
3836,4.0
3837,4.0
3838,3.0
3839,1.0
3840,4.0
3841,5.0
3842,1.0
3843,3.0
3844,6.0
3845,4.0
3846,3.0
3847,6.0
3848,3.0
3849,4.0
3850,1.0
3851,4.0
3852,3.0
3853,1.0
3854,2.0
3855,1.0
3856,5.0
3857,1.0
3858,2.0
3859,5.0
3860,3.0
3861,6.0
3862,5.0
3863,6.0
3864,5.0
3865,5.0
3866,3.0
3867,4.0
3868,2.0
3869,3.0
3870,5.0
3871,2.0
3872,5.0
3873,4.0
3874,5.0
3875,4.0
3876,2.0
3877,6.0
3878,1.0
3879,6.0
3880,3.0
3881,3.0
3882,2.0
3883,2.0
3884,4.0
3885,3.0
3886,1.0
3887,2.0
3888,5.0
3889,3.0
3890,4.0
3891,4.0
3892,3.0
3893,6.0
3894,6.0
3895,5.0
3896,6.0
3897,2.0
3898,6.0
3899,6.0
3900,6.0
3901,6.0
3902,1.0
3903,6.0
3904,6.0
3905,4.0
3906,2.0
3907,4.0
3908,6.0
3909,2.0
3910,2.0
3911,6.0
3912,2.0
3913,6.0
3914,1.0
3915,4.0
3916,4.0
3917,4.0
3918,4.0
3919,3.0
3920,5.0
3921,5.0
3922,1.0
3923,6.0
3924,6.0
3925,3.0
3926,5.0
3927,6.0
3928,6.0
3929,5.0
3930,6.0
3931,2.0
3932,5.0
3933,3.0
3934,4.0
3935,6.0
3936,5.0
3937,5.0
3938,5.0
3939,6.0
3940,6.0
3941,4.0
3942,5.0
3943,1.0
3944,2.0
3945,3.0
3946,4.0
3947,2.0
3948,4.0
3949,1.0
3950,5.0
3951,6.0
3952,4.0
3953,1.0
3954,5.0
3955,4.0
3956,5.0
3957,3.0
3958,6.0
3959,4.0
3960,6.0
3961,3.0
3962,4.0
3963,6.0
3964,6.0
3965,6.0
3966,4.0
3967,4.0
3968,2.0
3969,1.0
3970,4.0
3971,2.0
3972,4.0
3973,6.0
3974,6.0
3975,5.0
3976,3.0
3977,1.0
3978,6.0
3979,3.0
3980,3.0
3981,4.0
3982,6.0
3983,1.0
3984,3.0
3985,4.0
3986,1.0
3987,2.0
3988,4.0
3989,4.0
3990,2.0
3991,1.0
3992,1.0
3993,1.0
3994,4.0
3995,6.0
3996,6.0
3997,2.0
3998,1.0
3999,3.0
4000,5.0
4001,6.0
4002,4.0
4003,3.0
4004,6.0
4005,1.0
4006,3.0
4007,3.0
4008,4.0
4009,1.0
4010,4.0
4011,2.0
4012,2.0
4013,4.0
4014,1.0
4015,2.0
4016,1.0
4017,3.0
4018,2.0
4019,5.0
4020,1.0
4021,5.0
4022,2.0
4023,1.0
4024,4.0
4025,5.0
4026,1.0
4027,1.0
4028,5.0
4029,5.0
4030,1.0
4031,3.0
4032,1.0
4033,2.0
4034,3.0
4035,2.0
4036,3.0
4037,6.0
4038,5.0
4039,2.0
4040,4.0
4041,6.0
4042,6.0
4043,1.0
4044,3.0
4045,1.0
4046,6.0
4047,6.0
4048,1.0
4049,6.0
4050,5.0
4051,1.0
4052,2.0
4053,1.0
4054,5.0
4055,4.0
4056,1.0
4057,3.0
4058,6.0
4059,2.0
4060,2.0
4061,5.0
4062,1.0
4063,5.0
4064,6.0
4065,4.0
4066,6.0
4067,6.0
4068,5.0
4069,1.0
4070,6.0
4071,2.0
4072,1.0
4073,2.0
4074,4.0
4075,4.0
4076,3.0
4077,2.0
4078,4.0
4079,6.0
4080,4.0
4081,5.0
4082,6.0
4083,4.0
4084,6.0
4085,1.0
4086,1.0
4087,3.0
4088,1.0
4089,4.0
4090,2.0
4091,3.0
4092,1.0
4093,5.0
4094,6.0
4095,3.0
4096,1.0
4097,3.0
4098,1.0
4099,6.0
4100,4.0
4101,5.0
4102,1.0
4103,1.0
4104,5.0
4105,1.0
4106,5.0
4107,4.0
4108,5.0
4109,2.0
4110,3.0
4111,4.0
4112,1.0
4113,2.0
4114,6.0
4115,6.0
4116,1.0
4117,5.0
4118,6.0
4119,5.0
4120,4.0
4121,5.0
4122,5.0
4123,3.0
4124,2.0
4125,6.0
4126,2.0
4127,2.0
4128,2.0
4129,3.0
4130,4.0
4131,3.0
4132,2.0
4133,1.0
4134,3.0
4135,3.0
4136,1.0
4137,3.0
4138,4.0
4139,3.0
4140,6.0
4141,2.0
4142,1.0
4143,4.0
4144,4.0
4145,2.0
4146,4.0
4147,5.0
4148,6.0
4149,4.0
4150,2.0
4151,6.0
4152,3.0
4153,3.0
4154,1.0
4155,2.0
4156,4.0
4157,6.0
4158,5.0
4159,5.0
4160,1.0
4161,3.0
4162,1.0
4163,4.0
4164,4.0
4165,1.0
4166,5.0
4167,6.0
4168,6.0
4169,6.0
4170,6.0
4171,3.0
4172,3.0
4173,3.0
4174,4.0
4175,4.0
4176,4.0
4177,3.0
4178,6.0
4179,3.0
4180,1.0
4181,2.0
4182,5.0
4183,4.0
4184,4.0
4185,2.0
4186,4.0
4187,6.0
4188,5.0
4189,5.0
4190,5.0
4191,6.0
4192,5.0
4193,1.0
4194,2.0
4195,5.0
4196,1.0
4197,2.0
4198,2.0
4199,1.0
4200,1.0
4201,1.0
4202,6.0
4203,5.0
4204,4.0
4205,3.0
4206,2.0
4207,4.0
4208,5.0
4209,2.0
4210,4.0
4211,6.0
4212,6.0
4213,4.0
4214,3.0
4215,2.0
4216,4.0
4217,1.0
4218,6.0
4219,6.0
4220,5.0
4221,2.0
4222,6.0
4223,2.0
4224,1.0
4225,6.0
4226,6.0
4227,3.0
4228,3.0
4229,2.0
4230,5.0
4231,2.0
4232,4.0
4233,4.0
4234,4.0
4235,5.0
4236,1.0
4237,1.0
4238,5.0
4239,1.0
4240,6.0
4241,6.0
4242,4.0
4243,1.0
4244,1.0
4245,6.0
4246,3.0
4247,5.0
4248,3.0
4249,6.0
4250,2.0
4251,5.0
4252,1.0
4253,3.0
4254,1.0
4255,5.0
4256,6.0
4257,5.0
4258,4.0
4259,2.0
4260,4.0
4261,4.0
4262,6.0
4263,5.0
4264,1.0
4265,5.0
4266,5.0
4267,1.0
4268,3.0
4269,3.0
4270,6.0
4271,1.0
4272,3.0
4273,5.0
4274,6.0
4275,1.0
4276,2.0
4277,6.0
4278,5.0
4279,6.0
4280,3.0
4281,5.0
4282,5.0
4283,3.0
4284,3.0
4285,6.0
4286,6.0
4287,6.0
4288,3.0
4289,4.0
4290,3.0
4291,5.0
4292,4.0
4293,4.0
4294,5.0
4295,5.0
4296,3.0
4297,2.0
4298,5.0
4299,3.0
4300,5.0
4301,6.0
4302,3.0
4303,1.0
4304,1.0
4305,5.0
4306,2.0
4307,3.0
4308,3.0
4309,4.0
4310,4.0
4311,4.0
4312,2.0
4313,3.0
4314,2.0
4315,5.0
4316,4.0
4317,4.0
4318,4.0
4319,6.0
4320,6.0
4321,1.0
4322,1.0
4323,1.0
4324,4.0
4325,6.0
4326,1.0
4327,5.0
4328,4.0
4329,5.0
4330,4.0
4331,3.0
4332,6.0
4333,5.0
4334,6.0
4335,3.0
4336,3.0
4337,2.0
4338,4.0
4339,3.0
4340,1.0
4341,1.0
4342,1.0
4343,4.0
4344,1.0
4345,1.0
4346,1.0
4347,3.0
4348,5.0
4349,4.0
4350,4.0
4351,4.0
4352,5.0
4353,6.0
4354,2.0
4355,4.0
4356,4.0
4357,6.0
4358,3.0
4359,6.0
4360,4.0
4361,1.0
4362,4.0
4363,6.0
4364,1.0
4365,5.0
4366,6.0
4367,6.0
4368,4.0
4369,1.0
4370,6.0
4371,3.0
4372,4.0
4373,1.0
4374,3.0
4375,1.0
4376,6.0
4377,4.0
4378,3.0
4379,6.0
4380,4.0
4381,2.0
4382,6.0
4383,5.0
4384,2.0
4385,1.0
4386,5.0
4387,3.0
4388,6.0
4389,4.0
4390,1.0
4391,2.0
4392,6.0
4393,4.0
4394,3.0
4395,4.0
4396,6.0
4397,3.0
4398,3.0
4399,1.0
4400,6.0
4401,4.0
4402,4.0
4403,6.0
4404,2.0
4405,6.0
4406,6.0
4407,6.0
4408,6.0
4409,5.0
4410,2.0
4411,3.0
4412,5.0
4413,1.0
4414,6.0
4415,1.0
4416,6.0
4417,4.0
4418,6.0
4419,5.0
4420,3.0
4421,4.0
4422,3.0
4423,3.0
4424,2.0
4425,2.0
4426,1.0
4427,1.0
4428,6.0
4429,4.0
4430,3.0
4431,5.0
4432,6.0
4433,5.0
4434,5.0
4435,1.0
4436,4.0
4437,4.0
4438,1.0
4439,3.0
4440,2.0
4441,2.0
4442,5.0
4443,4.0
4444,2.0
4445,2.0
4446,4.0
4447,3.0
4448,4.0
4449,5.0
4450,6.0
4451,1.0
4452,4.0
4453,5.0
4454,3.0
4455,1.0
4456,5.0
4457,1.0
4458,2.0
4459,4.0
4460,3.0
4461,6.0
4462,4.0
4463,3.0
4464,1.0
4465,6.0
4466,4.0
4467,5.0
4468,3.0
4469,2.0
4470,5.0
4471,1.0
4472,6.0
4473,4.0
4474,1.0
4475,5.0
4476,5.0
4477,4.0
4478,4.0
4479,2.0
4480,3.0
4481,1.0
4482,1.0
4483,6.0
4484,1.0
4485,6.0
4486,5.0
4487,6.0
4488,1.0
4489,1.0
4490,5.0
4491,5.0
4492,6.0
4493,2.0
4494,5.0
4495,4.0
4496,5.0
4497,4.0
4498,6.0
4499,5.0
4500,5.0
4501,2.0
4502,2.0
4503,6.0
4504,4.0
4505,6.0
4506,3.0
4507,5.0
4508,5.0
4509,3.0
4510,6.0
4511,5.0
4512,2.0
4513,4.0
4514,5.0
4515,4.0
4516,1.0
4517,1.0
4518,5.0
4519,1.0
4520,6.0
4521,6.0
4522,5.0
4523,3.0
4524,1.0
4525,4.0
4526,4.0
4527,1.0
4528,1.0
4529,1.0
4530,2.0
4531,4.0
4532,3.0
4533,2.0
4534,3.0
4535,4.0
4536,2.0
4537,4.0
4538,1.0
4539,4.0
4540,2.0
4541,6.0
4542,6.0
4543,5.0
4544,1.0
4545,6.0
4546,1.0
4547,4.0
4548,6.0
4549,6.0
4550,3.0
4551,6.0
4552,1.0
4553,2.0
4554,4.0
4555,5.0
4556,3.0
4557,3.0
4558,4.0
4559,3.0
4560,4.0
4561,4.0
4562,5.0
4563,1.0
4564,6.0
4565,5.0
4566,1.0
4567,4.0
4568,1.0
4569,2.0
4570,4.0
4571,3.0
4572,4.0
4573,4.0
4574,1.0
4575,3.0
4576,5.0
4577,3.0
4578,6.0
4579,1.0
4580,6.0
4581,6.0
4582,1.0
4583,6.0
4584,5.0
4585,6.0
4586,4.0
4587,4.0
4588,3.0
4589,3.0
4590,6.0
4591,3.0
4592,3.0
4593,1.0
4594,5.0
4595,4.0
4596,5.0
4597,1.0
4598,5.0
4599,3.0
4600,5.0
4601,6.0
4602,5.0
4603,3.0
4604,4.0
4605,4.0
4606,4.0
4607,6.0
4608,1.0
4609,4.0
4610,4.0
4611,1.0
4612,2.0
4613,3.0
4614,4.0
4615,2.0
4616,2.0
4617,2.0
4618,4.0
4619,5.0
4620,3.0
4621,3.0
4622,1.0
4623,5.0
4624,4.0
4625,4.0
4626,3.0
4627,1.0
4628,5.0
4629,3.0
4630,5.0
4631,1.0
4632,3.0
4633,4.0
4634,1.0
4635,3.0
4636,5.0
4637,5.0
4638,5.0
4639,6.0
4640,6.0
4641,1.0
4642,2.0
4643,1.0
4644,2.0
4645,4.0
4646,4.0
4647,4.0
4648,5.0
4649,3.0
4650,1.0
4651,1.0
4652,2.0
4653,5.0
4654,2.0
4655,4.0
4656,6.0
4657,1.0
4658,5.0
4659,1.0
4660,5.0
4661,2.0
4662,6.0
4663,1.0
4664,5.0
4665,6.0
4666,6.0
4667,5.0
4668,6.0
4669,5.0
4670,1.0
4671,4.0
4672,2.0
4673,4.0
4674,5.0
4675,4.0
4676,2.0
4677,1.0
4678,5.0
4679,4.0
4680,2.0
4681,2.0
4682,4.0
4683,1.0
4684,1.0
4685,6.0
4686,6.0
4687,5.0
4688,6.0
4689,3.0
4690,6.0
4691,2.0
4692,6.0
4693,6.0
4694,2.0
4695,4.0
4696,6.0
4697,5.0
4698,6.0
4699,2.0
4700,5.0
4701,1.0
4702,4.0
4703,1.0
4704,4.0
4705,1.0
4706,4.0
4707,1.0
4708,4.0
4709,1.0
4710,5.0
4711,2.0
4712,1.0
4713,1.0
4714,4.0
4715,5.0
4716,5.0
4717,6.0
4718,6.0
4719,2.0
4720,2.0
4721,6.0
4722,4.0
4723,4.0
4724,2.0
4725,5.0
4726,6.0
4727,1.0
4728,2.0
4729,3.0
4730,3.0
4731,2.0
4732,5.0
4733,5.0
4734,4.0
4735,1.0
4736,4.0
4737,6.0
4738,2.0
4739,1.0
4740,3.0
4741,6.0
4742,6.0
4743,3.0
4744,1.0
4745,5.0
4746,4.0
4747,6.0
4748,4.0
4749,6.0
4750,3.0
4751,5.0
4752,6.0
4753,5.0
4754,6.0
4755,1.0
4756,4.0
4757,1.0
4758,4.0
4759,5.0
4760,6.0
4761,5.0
4762,6.0
4763,3.0
4764,6.0
4765,6.0
4766,2.0
4767,3.0
4768,5.0
4769,1.0
4770,6.0
4771,5.0
4772,4.0
4773,3.0
4774,4.0
4775,3.0
4776,2.0
4777,4.0
4778,2.0
4779,6.0
4780,6.0
4781,1.0
4782,5.0
4783,5.0
4784,4.0
4785,6.0
4786,1.0
4787,5.0
4788,6.0
4789,4.0
4790,5.0
4791,1.0
4792,4.0
4793,6.0
4794,3.0
4795,3.0
4796,3.0
4797,3.0
4798,5.0
4799,3.0
4800,3.0
4801,5.0
4802,5.0
4803,4.0
4804,5.0
4805,3.0
4806,5.0
4807,6.0
4808,4.0
4809,6.0
4810,5.0
4811,5.0
4812,3.0
4813,3.0
4814,6.0
4815,6.0
4816,4.0
4817,2.0
4818,1.0
4819,5.0
4820,1.0
4821,3.0
4822,6.0
4823,2.0
4824,1.0
4825,6.0
4826,5.0
4827,4.0
4828,4.0
4829,4.0
4830,3.0
4831,3.0
4832,6.0
4833,4.0
4834,5.0
4835,1.0
4836,4.0
4837,6.0
4838,5.0
4839,3.0
4840,6.0
4841,1.0
4842,5.0
4843,1.0
4844,4.0
4845,2.0
4846,5.0
4847,5.0
4848,1.0
4849,1.0
4850,5.0
4851,3.0
4852,2.0
4853,5.0
4854,5.0
4855,6.0
4856,4.0
4857,5.0
4858,4.0
4859,4.0
4860,5.0
4861,1.0
4862,4.0
4863,6.0
4864,5.0
4865,3.0
4866,2.0
4867,1.0
4868,3.0
4869,2.0
4870,4.0
4871,4.0
4872,4.0
4873,5.0
4874,5.0
4875,1.0
4876,1.0
4877,4.0
4878,4.0
4879,2.0
4880,2.0
4881,5.0
4882,6.0
4883,5.0
4884,5.0
4885,3.0
4886,5.0
4887,2.0
4888,5.0
4889,6.0
4890,6.0
4891,5.0
4892,4.0
4893,1.0
4894,4.0
4895,3.0
4896,5.0
4897,6.0
4898,5.0
4899,5.0
4900,1.0
4901,4.0
4902,1.0
4903,1.0
4904,3.0
4905,6.0
4906,4.0
4907,1.0
4908,3.0
4909,3.0
4910,5.0
4911,6.0
4912,3.0
4913,5.0
4914,5.0
4915,2.0
4916,5.0
4917,2.0
4918,6.0
4919,6.0
4920,4.0
4921,5.0
4922,1.0
4923,6.0
4924,5.0
4925,4.0
4926,6.0
4927,6.0
4928,1.0
4929,1.0
4930,5.0
4931,4.0
4932,2.0
4933,5.0
4934,6.0
4935,2.0
4936,4.0
4937,5.0
4938,6.0
4939,2.0
4940,4.0
4941,5.0
4942,3.0
4943,6.0
4944,2.0
4945,4.0
4946,3.0
4947,6.0
4948,5.0
4949,1.0
4950,5.0
4951,4.0
4952,5.0
4953,6.0
4954,3.0
4955,5.0
4956,2.0
4957,2.0
4958,3.0
4959,2.0
4960,3.0
4961,3.0
4962,5.0
4963,4.0
4964,2.0
4965,4.0
4966,2.0
4967,1.0
4968,3.0
4969,3.0
4970,6.0
4971,4.0
4972,2.0
4973,1.0
4974,2.0
4975,3.0
4976,2.0
4977,4.0
4978,2.0
4979,2.0
4980,5.0
4981,2.0
4982,6.0
4983,2.0
4984,5.0
4985,2.0
4986,4.0
4987,4.0
4988,5.0
4989,2.0
4990,4.0
4991,5.0
4992,4.0
4993,3.0
4994,3.0
4995,2.0
4996,5.0
4997,3.0
4998,4.0
4999,3.0
5000,5.0
5001,5.0
5002,6.0
5003,5.0
5004,1.0
5005,1.0
5006,6.0
5007,2.0
5008,1.0
5009,1.0
5010,3.0
5011,4.0
5012,1.0
5013,4.0
5014,1.0
5015,2.0
5016,6.0
5017,5.0
5018,1.0
5019,2.0
5020,4.0
5021,1.0
5022,2.0
5023,2.0
5024,3.0
5025,1.0
5026,4.0
5027,5.0
5028,6.0
5029,1.0
5030,3.0
5031,1.0
5032,2.0
5033,5.0
5034,2.0
5035,4.0
5036,3.0
5037,1.0
5038,6.0
5039,2.0
5040,1.0
5041,3.0
5042,3.0
5043,3.0
5044,4.0
5045,4.0
5046,4.0
5047,1.0
5048,1.0
5049,3.0
5050,1.0
5051,5.0
5052,5.0
5053,1.0
5054,3.0
5055,6.0
5056,5.0
5057,5.0
5058,6.0
5059,4.0
5060,4.0
5061,3.0
5062,2.0
5063,2.0
5064,6.0
5065,6.0
5066,5.0
5067,5.0
5068,1.0
5069,5.0
5070,6.0
5071,5.0
5072,3.0
5073,5.0
5074,6.0
5075,1.0
5076,6.0
5077,4.0
5078,3.0
5079,5.0
5080,4.0
5081,4.0
5082,5.0
5083,5.0
5084,3.0
5085,2.0
5086,6.0
5087,6.0
5088,4.0
5089,6.0
5090,4.0
5091,1.0
5092,3.0
5093,6.0
5094,5.0
5095,3.0
5096,5.0
5097,6.0
5098,1.0
5099,5.0
5100,6.0
5101,5.0
5102,6.0
5103,1.0
5104,6.0
5105,5.0
5106,1.0
5107,4.0
5108,6.0
5109,2.0
5110,4.0
5111,5.0
5112,2.0
5113,2.0
5114,1.0
5115,2.0
5116,3.0
5117,5.0
5118,5.0
5119,2.0
5120,3.0
5121,1.0
5122,3.0
5123,3.0
5124,6.0
5125,6.0
5126,1.0
5127,3.0
5128,1.0
5129,2.0
5130,5.0
5131,1.0
5132,6.0
5133,5.0
5134,4.0
5135,3.0
5136,4.0
5137,5.0
5138,3.0
5139,4.0
5140,6.0
5141,4.0
5142,1.0
5143,2.0
5144,6.0
5145,5.0
5146,4.0
5147,5.0
5148,2.0
5149,2.0
5150,3.0
5151,1.0
5152,3.0
5153,4.0
5154,6.0
5155,5.0
5156,2.0
5157,2.0
5158,5.0
5159,2.0
5160,2.0
5161,4.0
5162,1.0
5163,1.0
5164,2.0
5165,4.0
5166,2.0
5167,2.0
5168,3.0
5169,5.0
5170,5.0
5171,6.0
5172,5.0
5173,2.0
5174,1.0
5175,4.0
5176,2.0
5177,6.0
5178,2.0
5179,1.0
5180,6.0
5181,1.0
5182,5.0
5183,2.0
5184,4.0
5185,6.0
5186,6.0
5187,6.0
5188,3.0
5189,1.0
5190,3.0
5191,3.0
5192,3.0
5193,5.0
5194,4.0
5195,3.0
5196,4.0
5197,6.0
5198,5.0
5199,4.0
5200,1.0
5201,2.0
5202,6.0
5203,3.0
5204,5.0
5205,4.0
5206,3.0
5207,6.0
5208,5.0
5209,6.0
5210,1.0
5211,6.0
5212,1.0
5213,6.0
5214,4.0
5215,5.0
5216,2.0
5217,1.0
5218,4.0
5219,6.0
5220,2.0
5221,4.0
5222,3.0
5223,4.0
5224,4.0
5225,4.0
5226,6.0
5227,1.0
5228,1.0
5229,3.0
5230,4.0
5231,6.0
5232,2.0
5233,5.0
5234,5.0
5235,1.0
5236,3.0
5237,3.0
5238,2.0
5239,5.0
5240,3.0
5241,6.0
5242,5.0
5243,3.0
5244,5.0
5245,3.0
5246,1.0
5247,4.0
5248,5.0
5249,6.0
5250,4.0
5251,3.0
5252,4.0
5253,1.0
5254,5.0
5255,3.0
5256,2.0
5257,2.0
5258,2.0
5259,4.0
5260,5.0
5261,6.0
5262,4.0
5263,5.0
5264,6.0
5265,5.0
5266,2.0
5267,3.0
5268,4.0
5269,6.0
5270,4.0
5271,4.0
5272,3.0
5273,1.0
5274,4.0
5275,1.0
5276,2.0
5277,2.0
5278,6.0
5279,5.0
5280,6.0
5281,3.0
5282,6.0
5283,6.0
5284,3.0
5285,1.0
5286,5.0
5287,1.0
5288,6.0
5289,6.0
5290,2.0
5291,1.0
5292,1.0
5293,6.0
5294,2.0
5295,3.0
5296,2.0
5297,3.0
5298,5.0
5299,5.0
5300,1.0
5301,1.0
5302,5.0
5303,2.0
5304,2.0
5305,2.0
5306,4.0
5307,5.0
5308,3.0
5309,2.0
5310,5.0
5311,3.0
5312,3.0
5313,5.0
5314,5.0
5315,2.0
5316,2.0
5317,3.0
5318,3.0
5319,2.0
5320,6.0
5321,5.0
5322,5.0
5323,3.0
5324,2.0
5325,3.0
5326,5.0
5327,2.0
5328,6.0
5329,6.0
5330,5.0
5331,1.0
5332,1.0
5333,1.0
5334,3.0
5335,6.0
5336,6.0
5337,4.0
5338,6.0
5339,6.0
5340,5.0
5341,2.0
5342,2.0
5343,5.0
5344,6.0
5345,5.0
5346,6.0
5347,6.0
5348,1.0
5349,6.0
5350,6.0
5351,5.0
5352,3.0
5353,6.0
5354,4.0
5355,4.0
5356,2.0
5357,6.0
5358,3.0
5359,3.0
5360,6.0
5361,5.0
5362,2.0
5363,2.0
5364,6.0
5365,2.0
5366,6.0
5367,3.0
5368,4.0
5369,3.0
5370,5.0
5371,2.0
5372,2.0
5373,3.0
5374,4.0
5375,3.0
5376,5.0
5377,1.0
5378,5.0
5379,4.0
5380,6.0
5381,6.0
5382,6.0
5383,6.0
5384,5.0
5385,6.0
5386,4.0
5387,6.0
5388,6.0
5389,1.0
5390,3.0
5391,1.0
5392,2.0
5393,6.0
5394,3.0
5395,6.0
5396,5.0
5397,6.0
5398,6.0
5399,6.0
5400,5.0
5401,4.0
5402,4.0
5403,4.0
5404,2.0
5405,4.0
5406,1.0
5407,1.0
5408,5.0
5409,6.0
5410,4.0
5411,2.0
5412,5.0
5413,1.0
5414,1.0
5415,4.0
5416,5.0
5417,5.0
5418,1.0
5419,1.0
5420,2.0
5421,3.0
5422,1.0
5423,1.0
5424,5.0
5425,2.0
5426,2.0
5427,6.0
5428,4.0
5429,4.0
5430,5.0
5431,2.0
5432,2.0
5433,5.0
5434,4.0
5435,5.0
5436,6.0
5437,6.0
5438,3.0
5439,2.0
5440,3.0
5441,3.0
5442,5.0
5443,3.0
5444,1.0
5445,6.0
5446,6.0
5447,5.0
5448,5.0
5449,3.0
5450,2.0
5451,1.0
5452,1.0
5453,4.0
5454,6.0
5455,1.0
5456,1.0
5457,1.0
5458,2.0
5459,1.0
5460,6.0
5461,6.0
5462,5.0
5463,1.0
5464,5.0
5465,5.0
5466,1.0
5467,3.0
5468,4.0
5469,6.0
5470,2.0
5471,4.0
5472,3.0
5473,2.0
5474,5.0
5475,1.0
5476,3.0
5477,1.0
5478,1.0
5479,1.0
5480,5.0
5481,4.0
5482,4.0
5483,4.0
5484,1.0
5485,1.0
5486,4.0
5487,6.0
5488,5.0
5489,5.0
5490,4.0
5491,5.0
5492,5.0
5493,1.0
5494,4.0
5495,1.0
5496,3.0
5497,2.0
5498,1.0
5499,1.0
5500,4.0
5501,2.0
5502,5.0
5503,2.0
5504,2.0
5505,6.0
5506,2.0
5507,3.0
5508,3.0
5509,1.0
5510,6.0
5511,5.0
5512,1.0
5513,6.0
5514,6.0
5515,5.0
5516,4.0
5517,3.0
5518,5.0
5519,4.0
5520,1.0
5521,2.0
5522,2.0
5523,2.0
5524,2.0
5525,6.0
5526,2.0
5527,1.0
5528,3.0
5529,4.0
5530,4.0
5531,2.0
5532,4.0
5533,2.0
5534,6.0
5535,2.0
5536,4.0
5537,1.0
5538,4.0
5539,2.0
5540,6.0
5541,1.0
5542,1.0
5543,4.0
5544,6.0
5545,3.0
5546,4.0
5547,3.0
5548,2.0
5549,6.0
5550,4.0
5551,3.0
5552,4.0
5553,4.0
5554,1.0
5555,1.0
5556,1.0
5557,3.0
5558,1.0
5559,3.0
5560,6.0
5561,6.0
5562,3.0
5563,6.0
5564,3.0
5565,2.0
5566,4.0
5567,2.0
5568,4.0
5569,2.0
5570,2.0
5571,5.0
5572,5.0
5573,2.0
5574,2.0
5575,3.0
5576,1.0
5577,6.0
5578,5.0
5579,1.0
5580,6.0
5581,4.0
5582,4.0
5583,4.0
5584,4.0
5585,1.0
5586,5.0
5587,1.0
5588,1.0
5589,1.0
5590,6.0
5591,6.0
5592,5.0
5593,6.0
5594,1.0
5595,1.0
5596,4.0
5597,4.0
5598,5.0
5599,6.0
5600,1.0
5601,4.0
5602,1.0
5603,6.0
5604,6.0
5605,1.0
5606,1.0
5607,2.0
5608,2.0
5609,4.0
5610,2.0
5611,5.0
5612,1.0
5613,5.0
5614,1.0
5615,5.0
5616,1.0
5617,4.0
5618,4.0
5619,6.0
5620,1.0
5621,2.0
5622,5.0
5623,5.0
5624,5.0
5625,1.0
5626,3.0
5627,3.0
5628,1.0
5629,3.0
5630,6.0
5631,1.0
5632,3.0
5633,5.0
5634,5.0
5635,3.0
5636,4.0
5637,4.0
5638,4.0
5639,4.0
5640,5.0
5641,2.0
5642,5.0
5643,2.0
5644,5.0
5645,4.0
5646,5.0
5647,2.0
5648,3.0
5649,2.0
5650,6.0
5651,1.0
5652,1.0
5653,1.0
5654,5.0
5655,5.0
5656,3.0
5657,1.0
5658,6.0
5659,3.0
5660,3.0
5661,4.0
5662,2.0
5663,4.0
5664,6.0
5665,5.0
5666,1.0
5667,4.0
5668,1.0
5669,1.0
5670,1.0
5671,1.0
5672,3.0
5673,5.0
5674,2.0
5675,3.0
5676,3.0
5677,4.0
5678,6.0
5679,6.0
5680,3.0
5681,5.0
5682,5.0
5683,6.0
5684,6.0
5685,3.0
5686,2.0
5687,3.0
5688,2.0
5689,4.0
5690,3.0
5691,4.0
5692,1.0
5693,4.0
5694,1.0
5695,1.0
5696,1.0
5697,2.0
5698,5.0
5699,5.0
5700,6.0
5701,4.0
5702,1.0
5703,5.0
5704,6.0
5705,6.0
5706,5.0
5707,5.0
5708,6.0
5709,6.0
5710,1.0
5711,3.0
5712,6.0
5713,1.0
5714,1.0
5715,5.0
5716,1.0
5717,3.0
5718,3.0
5719,1.0
5720,5.0
5721,1.0
5722,6.0
5723,6.0
5724,5.0
5725,6.0
5726,1.0
5727,1.0
5728,2.0
5729,3.0
5730,2.0
5731,2.0
5732,2.0
5733,4.0
5734,5.0
5735,5.0
5736,2.0
5737,6.0
5738,1.0
5739,1.0
5740,2.0
5741,2.0
5742,6.0
5743,1.0
5744,6.0
5745,4.0
5746,2.0
5747,4.0
5748,5.0
5749,3.0
5750,2.0
5751,5.0
5752,2.0
5753,3.0
5754,5.0
5755,4.0
5756,6.0
5757,1.0
5758,6.0
5759,2.0
5760,5.0
5761,5.0
5762,5.0
5763,2.0
5764,3.0
5765,2.0
5766,5.0
5767,3.0
5768,5.0
5769,4.0
5770,1.0
5771,3.0
5772,6.0
5773,3.0
5774,4.0
5775,4.0
5776,2.0
5777,5.0
5778,1.0
5779,4.0
5780,4.0
5781,5.0
5782,5.0
5783,1.0
5784,5.0
5785,5.0
5786,5.0
5787,6.0
5788,5.0
5789,1.0
5790,6.0
5791,5.0
5792,4.0
5793,2.0
5794,5.0
5795,5.0
5796,5.0
5797,5.0
5798,3.0
5799,3.0
5800,3.0
5801,5.0
5802,4.0
5803,1.0
5804,2.0
5805,2.0
5806,5.0
5807,5.0
5808,1.0
5809,1.0
5810,3.0
5811,5.0
5812,2.0
5813,4.0
5814,5.0
5815,1.0
5816,2.0
5817,3.0
5818,2.0
5819,5.0
5820,6.0
5821,5.0
5822,1.0
5823,4.0
5824,1.0
5825,1.0
5826,5.0
5827,4.0
5828,6.0
5829,1.0
5830,5.0
5831,5.0
5832,5.0
5833,1.0
5834,4.0
5835,2.0
5836,4.0
5837,5.0
5838,3.0
5839,3.0
5840,6.0
5841,2.0
5842,5.0
5843,4.0
5844,1.0
5845,1.0
5846,6.0
5847,3.0
5848,2.0
5849,6.0
5850,3.0
5851,6.0
5852,4.0
5853,5.0
5854,2.0
5855,5.0
5856,6.0
5857,6.0
5858,5.0
5859,6.0
5860,1.0
5861,6.0
5862,5.0
5863,4.0
5864,6.0
5865,2.0
5866,4.0
5867,6.0
5868,2.0
5869,3.0
5870,1.0
5871,5.0
5872,6.0
5873,3.0
5874,6.0
5875,5.0
5876,2.0
5877,1.0
5878,5.0
5879,2.0
5880,2.0
5881,5.0
5882,2.0
5883,5.0
5884,1.0
5885,4.0
5886,4.0
5887,5.0
5888,2.0
5889,1.0
5890,2.0
5891,6.0
5892,2.0
5893,5.0
5894,6.0
5895,5.0
5896,5.0
5897,6.0
5898,1.0
5899,4.0
5900,3.0
5901,3.0
5902,2.0
5903,3.0
5904,3.0
5905,1.0
5906,3.0
5907,2.0
5908,1.0
5909,3.0
5910,2.0
5911,1.0
5912,5.0
5913,6.0
5914,5.0
5915,3.0
5916,4.0
5917,5.0
5918,3.0
5919,3.0
5920,2.0
5921,5.0
5922,6.0
5923,1.0
5924,5.0
5925,3.0
5926,1.0
5927,5.0
5928,5.0
5929,4.0
5930,3.0
5931,4.0
5932,6.0
5933,2.0
5934,6.0
5935,6.0
5936,5.0
5937,1.0
5938,4.0
5939,6.0
5940,1.0
5941,5.0
5942,5.0
5943,5.0
5944,1.0
5945,6.0
5946,1.0
5947,6.0
5948,5.0
5949,5.0
5950,3.0
5951,5.0
5952,2.0
5953,3.0
5954,5.0
5955,1.0
5956,1.0
5957,1.0
5958,4.0
5959,1.0
5960,2.0
5961,2.0
5962,5.0
5963,1.0
5964,3.0
5965,4.0
5966,1.0
5967,4.0
5968,2.0
5969,3.0
5970,6.0
5971,2.0
5972,6.0
5973,1.0
5974,3.0
5975,5.0
5976,4.0
5977,1.0
5978,3.0
5979,5.0
5980,1.0
5981,1.0
5982,5.0
5983,1.0
5984,1.0
5985,2.0
5986,4.0
5987,1.0
5988,2.0
5989,5.0
5990,5.0
5991,5.0
5992,1.0
5993,1.0
5994,4.0
5995,3.0
5996,3.0
5997,3.0
5998,4.0
5999,5.0
6000,2.0
6001,3.0
6002,6.0
6003,2.0
6004,4.0
6005,5.0
6006,3.0
6007,1.0
6008,4.0
6009,2.0
6010,2.0
6011,3.0
6012,3.0
6013,1.0
6014,2.0
6015,1.0
6016,3.0
6017,2.0
6018,3.0
6019,5.0
6020,5.0
6021,3.0
6022,5.0
6023,5.0
6024,5.0
6025,1.0
6026,6.0
6027,6.0
6028,2.0
6029,2.0
6030,5.0
6031,5.0
6032,2.0
6033,5.0
6034,4.0
6035,5.0
6036,6.0
6037,5.0
6038,6.0
6039,1.0
6040,2.0
6041,6.0
6042,4.0
6043,5.0
6044,4.0
6045,2.0
6046,2.0
6047,2.0
6048,6.0
6049,5.0
6050,1.0
6051,6.0
6052,5.0
6053,1.0
6054,5.0
6055,1.0
6056,5.0
6057,2.0
6058,2.0
6059,6.0
6060,2.0
6061,1.0
6062,4.0
6063,4.0
6064,4.0
6065,1.0
6066,5.0
6067,6.0
6068,3.0
6069,5.0
6070,2.0
6071,3.0
6072,1.0
6073,2.0
6074,6.0
6075,1.0
6076,6.0
6077,2.0
6078,6.0
6079,5.0
6080,1.0
6081,6.0
6082,1.0
6083,4.0
6084,3.0
6085,5.0
6086,2.0
6087,3.0
6088,2.0
6089,5.0
6090,5.0
6091,5.0
6092,6.0
6093,6.0
6094,3.0
6095,5.0
6096,4.0
6097,2.0
6098,3.0
6099,4.0
6100,1.0
6101,2.0
6102,1.0
6103,4.0
6104,5.0
6105,2.0
6106,2.0
6107,2.0
6108,2.0
6109,2.0
6110,3.0
6111,4.0
6112,2.0
6113,5.0
6114,6.0
6115,5.0
6116,2.0
6117,5.0
6118,5.0
6119,1.0
6120,4.0
6121,5.0
6122,2.0
6123,5.0
6124,4.0
6125,6.0
6126,3.0
6127,4.0
6128,4.0
6129,3.0
6130,2.0
6131,4.0
6132,5.0
6133,5.0
6134,4.0
6135,1.0
6136,4.0
6137,1.0
6138,2.0
6139,6.0
6140,3.0
6141,2.0
6142,2.0
6143,6.0
6144,2.0
6145,4.0
6146,5.0
6147,5.0
6148,3.0
6149,1.0
6150,1.0
6151,3.0
6152,4.0
6153,3.0
6154,6.0
6155,6.0
6156,3.0
6157,4.0
6158,5.0
6159,4.0
6160,5.0
6161,6.0
6162,3.0
6163,2.0
6164,5.0
6165,3.0
6166,3.0
6167,5.0
6168,1.0
6169,4.0
6170,6.0
6171,3.0
6172,1.0
6173,3.0
6174,6.0
6175,3.0
6176,3.0
6177,3.0
6178,5.0
6179,3.0
6180,5.0
6181,4.0
6182,1.0
6183,1.0
6184,6.0
6185,5.0
6186,6.0
6187,1.0
6188,1.0
6189,3.0
6190,2.0
6191,2.0
6192,4.0
6193,2.0
6194,5.0
6195,3.0
6196,5.0
6197,2.0
6198,4.0
6199,3.0
6200,4.0
6201,1.0
6202,2.0
6203,6.0
6204,3.0
6205,4.0
6206,4.0
6207,3.0
6208,6.0
6209,4.0
6210,2.0
6211,3.0
6212,5.0
6213,1.0
6214,1.0
6215,5.0
6216,5.0
6217,5.0
6218,6.0
6219,1.0
6220,3.0
6221,5.0
6222,5.0
6223,6.0
6224,2.0
6225,4.0
6226,1.0
6227,3.0
6228,4.0
6229,3.0
6230,1.0
6231,1.0
6232,4.0
6233,2.0
6234,4.0
6235,3.0
6236,5.0
6237,6.0
6238,5.0
6239,2.0
6240,5.0
6241,3.0
6242,2.0
6243,2.0
6244,4.0
6245,3.0
6246,6.0
6247,2.0
6248,6.0
6249,5.0
6250,3.0
6251,5.0
6252,1.0
6253,3.0
6254,1.0
6255,1.0
6256,2.0
6257,3.0
6258,2.0
6259,6.0
6260,5.0
6261,1.0
6262,6.0
6263,3.0
6264,6.0
6265,5.0
6266,4.0
6267,1.0
6268,3.0
6269,6.0
6270,1.0
6271,3.0
6272,5.0
6273,2.0
6274,6.0
6275,5.0
6276,4.0
6277,3.0
6278,3.0
6279,4.0
6280,3.0
6281,6.0
6282,5.0
6283,1.0
6284,6.0
6285,1.0
6286,5.0
6287,1.0
6288,2.0
6289,3.0
6290,5.0
6291,3.0
6292,1.0
6293,2.0
6294,1.0
6295,5.0
6296,2.0
6297,1.0
6298,5.0
6299,3.0
6300,5.0
6301,4.0
6302,3.0
6303,3.0
6304,6.0
6305,2.0
6306,3.0
6307,5.0
6308,5.0
6309,3.0
6310,2.0
6311,1.0
6312,1.0
6313,5.0
6314,2.0
6315,5.0
6316,6.0
6317,2.0
6318,3.0
6319,6.0
6320,1.0
6321,1.0
6322,5.0
6323,4.0
6324,6.0
6325,1.0
6326,5.0
6327,6.0
6328,3.0
6329,4.0
6330,2.0
6331,5.0
6332,5.0
6333,6.0
6334,1.0
6335,4.0
6336,3.0
6337,3.0
6338,4.0
6339,3.0
6340,5.0
6341,5.0
6342,6.0
6343,5.0
6344,6.0
6345,1.0
6346,4.0
6347,6.0
6348,3.0
6349,6.0
6350,1.0
6351,2.0
6352,2.0
6353,4.0
6354,5.0
6355,1.0
6356,5.0
6357,6.0
6358,6.0
6359,6.0
6360,5.0
6361,2.0
6362,3.0
6363,4.0
6364,4.0
6365,1.0
6366,4.0
6367,1.0
6368,6.0
6369,4.0
6370,3.0
6371,2.0
6372,6.0
6373,1.0
6374,5.0
6375,3.0
6376,6.0
6377,6.0
6378,6.0
6379,1.0
6380,6.0
6381,4.0
6382,5.0
6383,5.0
6384,2.0
6385,4.0
6386,1.0
6387,4.0
6388,4.0
6389,5.0
6390,5.0
6391,4.0
6392,2.0
6393,4.0
6394,4.0
6395,4.0
6396,2.0
6397,5.0
6398,1.0
6399,5.0
6400,5.0
6401,5.0
6402,4.0
6403,5.0
6404,5.0
6405,2.0
6406,1.0
6407,5.0
6408,2.0
6409,5.0
6410,3.0
6411,4.0
6412,5.0
6413,1.0
6414,1.0
6415,6.0
6416,3.0
6417,4.0
